customer_id,account_age_days,successful_payments,failed_payments,average_transaction,lifetime_value,engagement_score
CUST_00001,890,39,3,4830.84,390065.81,0.64
CUST_00002,360,19,6,11643.45,167520.6,0.23
CUST_00003,1362,3,5,24256.77,416388.88,0.29
CUST_00004,489,21,0,15407.83,4526.09,0.12
CUST_00005,540,27,2,3745.5,146780.18,0.43
CUST_00006,676,3,4,4511.95,33460.74,0.95
CUST_00007,806,14,1,694.37,116216.02,0.32
CUST_00008,538,7,3,20879.91,87508.96,0.45
CUST_00009,1051,4,1,13145.68,273808.43,0.27
CUST_00010,191,18,1,10060.21,463402.77,0.75
CUST_00011,1305,15,7,1417.11,163339.84,0.45
CUST_00012,1106,18,6,14792.75,482662.4,0.65
CUST_00013,94,29,6,686.22,212277.34,0.46
CUST_00014,1116,8,7,20441.9,353721.81,0.76
CUST_00015,260,33,2,16381.6,457564.88,0.87
CUST_00016,1086,12,1,1869.89,156180.18,0.39
CUST_00017,755,35,3,22214.15,236635.25,0.21
CUST_00018,1058,14,2,14163.55,385712.62,0.54
CUST_00019,1068,9,6,3039.0,220228.91,0.28
CUST_00020,1294,32,6,8064.59,254776.77,0.92
CUST_00021,778,23,6,13634.07,102327.55,0.95
CUST_00022,1296,7,2,4282.17,464919.13,0.83
CUST_00023,1081,6,3,5695.48,208838.46,0.89
CUST_00024,1284,28,0,22698.66,136793.99,0.68
CUST_00025,1312,13,0,471.72,255862.9,0.48
CUST_00026,1287,37,0,8639.09,471511.94,0.39
CUST_00027,1286,32,7,10274.75,33381.23,0.33
CUST_00028,1439,12,5,17893.08,74895.38,1.0
CUST_00029,249,2,1,1571.53,140044.59,0.92
CUST_00030,1183,19,5,13414.08,224443.8,0.6
CUST_00031,232,4,6,9430.47,121837.81,0.82
CUST_00032,227,5,3,10150.96,408399.5,0.82
CUST_00033,216,9,3,4907.01,21346.8,0.63
CUST_00034,1399,36,2,12948.7,114021.39,0.68
CUST_00035,580,33,7,23437.23,69622.95,0.41
CUST_00036,180,25,1,13673.76,348196.42,0.31
CUST_00037,653,16,1,14013.46,265295.64,0.32
CUST_00038,1090,12,4,22101.12,95164.85,0.35
CUST_00039,237,19,7,22458.62,443656.13,0.8
CUST_00040,616,24,3,23410.18,392884.98,0.7
CUST_00041,539,35,7,23521.3,486858.25,0.36
CUST_00042,851,18,1,11376.08,497234.27,0.26
CUST_00043,427,4,0,8337.37,373499.21,0.68
CUST_00044,430,7,2,7909.1,271727.58,0.56
CUST_00045,1075,22,6,6326.54,486532.27,0.45
CUST_00046,56,8,2,19931.84,251815.91,0.62
CUST_00047,1049,33,4,18144.57,141105.41,0.12
CUST_00048,1273,17,3,11907.63,140500.61,0.9
CUST_00049,1402,37,7,10876.15,483360.75,0.97
CUST_00050,220,33,3,7850.72,96264.6,0.34
CUST_00051,47,3,7,14052.99,468141.23,0.73
CUST_00052,1341,24,1,16877.24,179964.74,0.33
CUST_00053,814,2,1,21262.14,69174.04,0.74
CUST_00054,788,39,4,10668.59,128847.26,0.65
CUST_00055,65,7,0,20017.89,325332.0,0.73
CUST_00056,1001,16,5,22199.44,14780.77,0.62
CUST_00057,883,32,6,8405.37,78365.77,0.98
CUST_00058,599,22,1,1053.36,19636.75,0.84
CUST_00059,293,37,0,19318.84,108694.69,0.66
CUST_00060,906,4,5,5101.19,206265.6,0.73
CUST_00061,399,16,4,13052.62,162155.28,0.82
CUST_00062,1111,19,3,2237.87,13650.02,0.97
CUST_00063,1446,23,6,17305.95,30038.6,0.92
CUST_00064,1171,34,7,17950.52,330438.49,0.35
CUST_00065,733,16,4,13992.55,306248.65,0.48
CUST_00066,1488,12,1,19018.8,8182.35,0.2
CUST_00067,1038,5,6,7991.91,489775.75,0.26
CUST_00068,503,16,1,12442.91,237262.41,0.26
CUST_00069,52,30,4,1487.06,474623.72,0.9
CUST_00070,791,31,1,23355.88,251018.9,0.59
CUST_00071,821,4,7,23614.12,472181.55,0.88
CUST_00072,881,32,2,14514.21,194696.79,0.68
CUST_00073,720,33,4,20569.8,313343.9,0.84
CUST_00074,314,10,2,2013.22,51288.22,0.12
CUST_00075,878,35,6,16496.35,193312.91,0.71
CUST_00076,646,34,2,12552.13,346752.29,0.41
CUST_00077,1429,11,4,18456.25,401936.98,0.35
CUST_00078,486,10,4,14342.45,288386.36,0.76
CUST_00079,1038,36,1,19477.4,171060.97,0.94
CUST_00080,1422,37,3,17092.17,370214.47,0.31
CUST_00081,91,30,0,12565.06,195419.43,0.37
CUST_00082,425,19,0,23975.97,423724.43,0.42
CUST_00083,764,28,5,23780.0,287145.51,0.67
CUST_00084,425,5,2,8418.01,336586.71,0.78
CUST_00085,598,23,7,3102.58,465533.62,0.98
CUST_00086,663,14,6,11205.8,443964.39,0.42
CUST_00087,617,18,6,17294.34,418644.97,0.88
CUST_00088,1227,38,6,17613.94,37308.74,0.84
CUST_00089,58,2,4,2395.49,493333.15,0.44
CUST_00090,529,1,5,6146.12,453939.16,0.63
CUST_00091,1305,36,5,2362.47,388796.31,0.6
CUST_00092,68,27,1,11030.96,127587.4,0.46
CUST_00093,485,20,3,3202.9,324955.94,0.77
CUST_00094,219,13,3,10185.51,239379.73,0.17
CUST_00095,1170,33,5,24091.6,7065.08,0.97
CUST_00096,915,21,7,23138.69,459638.74,0.33
CUST_00097,1494,19,3,13220.52,315069.92,0.73
CUST_00098,1426,31,0,17514.05,192716.71,0.76
CUST_00099,1383,11,3,23775.16,445241.63,0.51
CUST_00100,1061,28,4,4491.09,323777.33,0.45
CUST_00101,898,28,3,24367.55,493119.16,0.73
CUST_00102,958,17,0,10456.81,301788.16,0.34
CUST_00103,1306,13,5,23531.14,208902.89,0.62
CUST_00104,39,25,1,23338.39,433165.88,0.14
CUST_00105,1118,33,5,12165.14,492657.74,0.44
CUST_00106,1270,26,6,24256.89,421217.34,0.85
CUST_00107,1152,34,0,3606.15,7822.31,0.17
CUST_00108,738,28,0,24993.03,498321.78,0.6
CUST_00109,706,37,4,18999.91,189547.42,0.32
CUST_00110,30,9,5,23865.06,303481.14,0.31
CUST_00111,1401,32,1,6936.21,12070.19,0.55
CUST_00112,1359,3,2,21348.88,276401.51,0.6
CUST_00113,430,30,2,3610.18,15362.56,0.78
CUST_00114,607,21,5,20184.6,451672.38,0.66
CUST_00115,1359,34,5,14870.97,196729.78,0.49
CUST_00116,278,34,3,12995.54,392042.85,0.46
CUST_00117,826,17,4,3932.71,463367.22,0.54
CUST_00118,98,20,7,24506.8,246816.43,0.4
CUST_00119,140,11,2,3483.33,64894.87,0.24
CUST_00120,929,16,7,4792.44,173487.97,0.91
CUST_00121,122,3,2,24335.83,301365.76,0.3
CUST_00122,633,21,4,8886.19,16870.54,0.59
CUST_00123,553,5,0,5396.44,182770.66,0.55
CUST_00124,823,27,0,20045.44,314322.29,0.17
CUST_00125,860,30,2,9618.96,2294.92,0.88
CUST_00126,1306,8,0,24660.55,268758.73,0.93
CUST_00127,57,14,1,9412.17,231804.82,0.77
CUST_00128,1365,14,2,3587.99,343895.59,0.86
CUST_00129,835,18,1,13455.65,121992.78,0.34
CUST_00130,743,37,3,14229.94,420514.28,0.18
CUST_00131,1265,25,0,12007.06,178197.05,0.68
CUST_00132,257,18,6,13566.53,293833.72,0.77
CUST_00133,454,19,1,8634.94,449924.05,0.65
CUST_00134,1430,6,4,6159.5,51789.45,0.24
CUST_00135,872,4,5,2470.82,403126.58,0.15
CUST_00136,928,9,6,13255.43,205788.02,0.98
CUST_00137,1375,31,5,14527.16,458780.41,0.1
CUST_00138,976,30,7,20575.28,359510.18,0.58
CUST_00139,202,26,2,19306.48,94334.83,0.39
CUST_00140,254,19,3,18485.31,265390.17,0.74
CUST_00141,168,14,7,23320.75,161000.45,0.63
CUST_00142,39,6,1,13850.5,274912.07,0.28
CUST_00143,350,2,3,3728.97,2352.74,0.21
CUST_00144,1472,15,7,8917.05,464835.04,0.85
CUST_00145,405,14,4,24775.96,103295.9,0.44
CUST_00146,1373,1,7,14489.49,421072.56,0.23
CUST_00147,827,37,5,20680.78,94016.09,0.31
CUST_00148,603,14,1,9163.11,438723.07,0.45
CUST_00149,645,8,6,9610.53,231877.21,0.37
CUST_00150,172,23,6,14563.91,178325.86,0.45
CUST_00151,850,2,5,22689.86,312494.76,0.21
CUST_00152,420,6,2,18344.56,347165.09,0.25
CUST_00153,507,29,0,22379.15,394510.01,0.24
CUST_00154,1026,33,4,19530.73,72420.86,0.28
CUST_00155,546,2,1,21956.11,171698.79,0.84
CUST_00156,257,31,6,11587.91,302374.98,0.55
CUST_00157,1210,8,4,5962.51,361404.03,0.75
CUST_00158,784,31,2,14268.06,358373.36,0.64
CUST_00159,1307,20,2,22738.73,292112.51,0.46
CUST_00160,392,26,5,4087.78,293528.69,0.56
CUST_00161,857,25,0,14946.18,52004.12,0.93
CUST_00162,156,5,7,4067.71,288567.89,0.65
CUST_00163,1349,29,5,21058.86,455432.41,0.21
CUST_00164,1399,37,4,21020.78,63206.68,0.93
CUST_00165,1484,15,4,1652.61,168263.42,0.82
CUST_00166,604,26,0,10538.26,431895.55,0.93
CUST_00167,504,7,1,18516.28,226656.75,0.3
CUST_00168,1233,24,0,10647.46,457508.1,0.43
CUST_00169,185,22,1,5553.22,258071.67,0.98
CUST_00170,371,20,5,2408.14,498440.25,0.55
CUST_00171,1194,1,7,10113.76,213967.66,0.82
CUST_00172,314,32,5,15736.91,189485.25,0.85
CUST_00173,798,19,1,19455.53,227191.13,0.57
CUST_00174,143,28,0,12576.2,382912.78,0.19
CUST_00175,84,8,4,23669.05,187281.35,0.34
CUST_00176,116,34,3,24479.61,420054.64,0.88
CUST_00177,342,8,0,5782.71,116306.32,0.7
CUST_00178,790,8,5,20057.93,90093.79,0.69
CUST_00179,125,8,1,24721.6,301995.5,0.83
CUST_00180,194,16,3,3784.72,203789.76,0.39
CUST_00181,359,18,6,2412.06,104735.24,0.12
CUST_00182,1338,19,3,10709.19,446443.18,0.84
CUST_00183,775,20,2,20680.15,182166.55,0.13
CUST_00184,834,20,4,10412.47,276471.54,0.49
CUST_00185,883,35,3,19560.04,58004.73,0.61
CUST_00186,765,23,7,10802.77,12212.18,0.34
CUST_00187,1334,2,4,6669.83,70538.68,0.85
CUST_00188,471,4,1,22544.14,345919.71,0.71
CUST_00189,157,6,1,3208.45,288681.72,0.35
CUST_00190,1206,17,4,12587.38,360381.09,0.2
CUST_00191,56,22,4,22530.46,437071.15,0.64
CUST_00192,850,12,4,4631.67,457291.56,0.48
CUST_00193,663,28,5,10724.29,177581.82,0.96
CUST_00194,722,1,2,15197.86,123429.21,0.45
CUST_00195,705,11,7,18060.43,149263.74,0.61
CUST_00196,652,34,6,23865.95,68365.64,0.54
CUST_00197,1201,36,6,4301.74,420923.3,0.86
CUST_00198,183,34,0,12013.66,172847.48,0.42
CUST_00199,90,1,0,17303.54,217978.84,0.32
CUST_00200,1282,3,1,357.78,483881.99,0.1
CUST_00201,1097,12,2,20243.53,481087.29,0.81
CUST_00202,245,12,5,19032.29,319835.74,0.78
CUST_00203,1005,37,5,21275.13,125584.34,0.54
CUST_00204,518,15,2,23618.27,20673.98,0.74
CUST_00205,1010,7,0,11988.29,157114.57,0.21
CUST_00206,912,7,0,23132.59,485558.06,0.95
CUST_00207,1019,18,6,1655.6,228116.7,0.57
CUST_00208,1212,39,0,9308.02,280777.92,0.53
CUST_00209,1224,3,4,8694.91,362658.62,0.16
CUST_00210,526,15,7,13598.52,331165.93,0.76
CUST_00211,522,33,7,15511.82,117246.78,0.12
CUST_00212,280,34,5,21905.13,264939.63,0.95
CUST_00213,1092,35,2,534.29,27289.23,0.18
CUST_00214,1292,16,7,10137.7,46757.97,0.4
CUST_00215,606,20,4,6197.8,56126.58,0.42
CUST_00216,353,30,1,17974.17,294965.16,0.35
CUST_00217,428,15,0,9792.87,340143.99,0.3
CUST_00218,968,37,4,14837.29,491182.93,0.9
CUST_00219,1115,24,2,15451.26,84349.94,0.99
CUST_00220,1363,8,3,15311.1,256831.57,0.31
CUST_00221,247,34,0,1207.28,478677.86,0.84
CUST_00222,83,5,4,24236.83,442009.16,0.93
CUST_00223,879,35,1,17491.71,77794.06,0.83
CUST_00224,1173,38,4,18772.43,18397.71,0.91
CUST_00225,1320,37,1,21973.28,133534.42,0.22
CUST_00226,950,9,2,21349.18,18675.76,0.4
CUST_00227,1448,25,4,2448.57,204818.15,0.44
CUST_00228,1229,8,2,12548.13,41442.06,0.3
CUST_00229,1002,13,3,21324.81,248078.12,0.53
CUST_00230,727,29,2,14411.58,331393.89,0.59
CUST_00231,1342,13,4,22002.16,398915.58,0.69
CUST_00232,845,33,2,17796.57,418669.65,0.73
CUST_00233,451,36,6,4973.77,440936.93,0.97
CUST_00234,455,31,6,3483.09,168224.31,0.77
CUST_00235,385,31,1,14037.69,378561.27,0.33
CUST_00236,1099,2,7,8362.91,280362.31,0.2
CUST_00237,477,34,3,13637.64,390142.85,0.2
CUST_00238,615,30,6,10976.35,420220.63,0.45
CUST_00239,66,15,5,2831.99,468677.02,0.72
CUST_00240,221,4,2,17791.85,34607.95,0.62
CUST_00241,503,1,5,2144.95,426354.91,0.99
CUST_00242,792,29,3,3513.13,379373.33,0.12
CUST_00243,908,11,0,12369.49,385433.3,0.71
CUST_00244,1483,26,1,11872.92,472207.51,0.19
CUST_00245,916,39,6,20700.24,149888.84,0.86
CUST_00246,1075,14,3,3543.98,434159.11,0.97
CUST_00247,50,28,4,22765.26,428822.69,0.97
CUST_00248,1440,19,0,8005.21,161050.63,0.75
CUST_00249,1216,34,4,1069.01,326181.75,0.43
CUST_00250,237,15,3,13717.85,80463.62,0.28
CUST_00251,549,29,4,19341.77,422546.83,0.78
CUST_00252,989,3,4,7565.95,456006.18,0.97
CUST_00253,556,20,5,12193.6,59536.79,0.21
CUST_00254,550,20,3,5252.96,246305.68,0.16
CUST_00255,613,2,7,7965.94,228154.85,0.11
CUST_00256,1373,18,5,10069.96,487375.23,0.75
CUST_00257,758,11,4,21545.02,390145.64,0.14
CUST_00258,1141,22,2,3904.28,52293.41,0.61
CUST_00259,1363,15,7,15568.45,351530.02,0.6
CUST_00260,31,32,1,13495.78,441384.21,0.17
CUST_00261,947,13,3,8255.74,488755.73,0.28
CUST_00262,135,15,1,4436.82,53179.35,0.67
CUST_00263,38,3,2,23424.44,26933.67,0.59
CUST_00264,1371,12,7,19650.54,306516.73,0.54
CUST_00265,237,11,3,13825.53,408831.59,0.51
CUST_00266,838,3,6,4350.79,219865.0,0.75
CUST_00267,938,12,6,12138.19,308255.27,0.4
CUST_00268,338,36,4,16570.08,249599.66,0.6
CUST_00269,691,18,2,8508.17,271696.84,0.54
CUST_00270,784,28,1,17101.64,37027.01,0.13
CUST_00271,1385,33,6,4602.58,480429.5,0.47
CUST_00272,834,24,3,8844.59,186148.34,0.99
CUST_00273,976,24,1,14593.28,219869.09,0.75
CUST_00274,364,36,1,22547.34,211438.74,0.35
CUST_00275,1290,12,2,11805.58,418163.03,0.31
CUST_00276,129,26,7,22753.1,90661.87,0.31
CUST_00277,404,14,1,10501.87,35497.26,0.49
CUST_00278,260,14,7,9173.06,296882.47,0.25
CUST_00279,57,25,0,6675.9,328711.6,0.39
CUST_00280,330,12,7,6154.59,118102.35,0.9
CUST_00281,873,14,7,20773.42,216012.87,0.32
CUST_00282,342,12,0,4425.94,84641.99,0.13
CUST_00283,1257,37,6,12023.38,422241.05,0.83
CUST_00284,649,28,6,13635.67,18059.7,0.99
CUST_00285,1346,9,6,23434.16,20632.43,0.21
CUST_00286,1112,6,4,8109.06,254110.17,0.14
CUST_00287,271,20,4,24138.43,3465.05,0.96
CUST_00288,1092,29,0,11532.07,258282.42,0.54
CUST_00289,180,38,3,1040.35,154657.04,0.73
CUST_00290,1394,8,1,2619.35,336628.46,0.5
CUST_00291,115,5,6,6606.07,331154.54,0.98
CUST_00292,143,10,5,6330.44,415607.72,0.88
CUST_00293,374,12,2,17331.31,338580.18,0.29
CUST_00294,1106,16,5,16774.2,289015.43,0.41
CUST_00295,733,2,1,1490.84,488609.92,0.47
CUST_00296,618,13,0,7430.53,55445.71,0.69
CUST_00297,48,38,5,20253.79,381380.28,0.82
CUST_00298,1384,19,4,9579.1,149137.77,0.68
CUST_00299,1118,21,6,9351.6,198690.17,0.73
CUST_00300,1470,29,0,6167.34,187252.64,0.3
CUST_00301,896,26,2,4460.58,321645.41,0.78
CUST_00302,114,9,2,21624.34,260021.81,0.53
CUST_00303,694,29,1,9690.83,200012.57,0.62
CUST_00304,72,36,6,19192.62,406679.88,0.75
CUST_00305,648,21,6,486.8,324089.88,0.91
CUST_00306,744,25,3,9687.84,99379.91,0.53
CUST_00307,1387,19,1,12301.03,129131.51,0.36
CUST_00308,780,27,4,13446.83,290885.09,0.18
CUST_00309,31,30,1,7033.81,207361.0,0.21
CUST_00310,1404,11,6,21527.57,400090.77,0.27
CUST_00311,1438,36,3,9525.69,263723.1,0.2
CUST_00312,1171,13,6,13024.83,297175.75,0.81
CUST_00313,1013,15,1,10452.4,420090.79,0.91
CUST_00314,1207,16,0,6614.43,151728.19,0.76
CUST_00315,1220,36,3,16788.48,48672.12,0.66
CUST_00316,271,33,6,4078.7,118382.56,0.88
CUST_00317,690,33,6,2664.15,12795.65,0.68
CUST_00318,1213,28,6,16057.63,129185.04,0.67
CUST_00319,1373,25,1,3670.06,347877.13,0.46
CUST_00320,488,39,0,24784.02,65068.75,0.19
CUST_00321,583,26,5,22666.46,386538.74,0.34
CUST_00322,102,37,0,8287.28,114101.54,0.42
CUST_00323,590,4,4,20847.02,335131.71,0.16
CUST_00324,805,32,4,22037.95,325787.81,0.58
CUST_00325,1183,3,5,24855.24,331257.76,0.6
CUST_00326,145,34,6,1785.52,281586.11,0.96
CUST_00327,316,13,4,18944.49,86068.49,0.47
CUST_00328,84,30,0,18977.23,174438.19,0.7
CUST_00329,266,20,2,3259.78,487108.15,0.12
CUST_00330,1301,20,7,13636.94,421174.61,0.57
CUST_00331,1007,6,5,19761.18,432478.41,0.65
CUST_00332,767,12,5,1858.79,59706.87,0.3
CUST_00333,370,2,0,8854.15,120288.61,0.56
CUST_00334,1460,3,3,23576.96,436794.99,0.25
CUST_00335,172,22,2,24806.3,425861.05,0.29
CUST_00336,1482,38,1,9701.4,439109.19,0.88
CUST_00337,1060,6,2,7825.57,41378.72,0.46
CUST_00338,159,2,2,5823.28,478704.12,0.62
CUST_00339,822,10,0,12140.05,157550.12,0.65
CUST_00340,365,1,5,19190.8,88244.48,0.55
CUST_00341,1170,6,0,3307.52,239638.78,0.56
CUST_00342,1226,15,3,13873.38,482945.26,0.49
CUST_00343,875,13,6,21939.8,139598.56,0.87
CUST_00344,72,32,4,15603.82,325450.35,0.24
CUST_00345,807,5,2,5530.36,242816.19,0.78
CUST_00346,486,31,7,10929.33,86161.71,0.17
CUST_00347,912,28,5,4690.83,346117.41,0.66
CUST_00348,814,4,6,6046.34,111180.51,0.26
CUST_00349,451,36,3,10824.26,66224.48,0.9
CUST_00350,184,35,6,10529.0,413941.41,0.76
CUST_00351,539,22,4,6439.93,67768.06,0.48
CUST_00352,690,38,6,19079.16,69417.74,0.58
CUST_00353,242,1,4,20907.29,315020.1,0.28
CUST_00354,701,37,4,12349.99,55758.36,0.59
CUST_00355,212,21,3,3986.17,64472.68,0.88
CUST_00356,1280,18,7,9584.44,197843.66,0.51
CUST_00357,426,21,1,3588.68,51972.62,0.69
CUST_00358,601,1,1,2187.5,140404.49,0.94
CUST_00359,744,21,3,12537.67,193788.11,0.51
CUST_00360,985,15,0,11430.31,441347.26,0.2
CUST_00361,130,1,6,1481.42,19972.9,0.77
CUST_00362,1488,1,4,2060.04,7042.13,0.96
CUST_00363,395,21,7,24792.23,485404.23,0.95
CUST_00364,471,28,2,2730.37,330491.06,0.79
CUST_00365,1021,10,5,13012.04,449551.51,0.8
CUST_00366,991,25,0,16783.55,6203.42,0.33
CUST_00367,198,4,5,24007.71,239649.39,0.91
CUST_00368,681,10,4,12016.1,57864.36,0.54
CUST_00369,1341,32,6,15527.54,79162.58,0.14
CUST_00370,1455,17,7,5848.01,186711.34,0.49
CUST_00371,819,25,1,7062.65,464230.45,0.71
CUST_00372,151,21,2,20453.89,430823.63,0.86
CUST_00373,1450,18,4,5760.27,489220.24,0.77
CUST_00374,265,7,6,1630.3,160709.86,0.78
CUST_00375,889,25,5,1366.39,83242.59,0.22
CUST_00376,312,15,3,24138.7,244708.67,0.24
CUST_00377,450,13,5,14881.59,254671.91,0.37
CUST_00378,442,19,6,2615.8,289009.22,0.89
CUST_00379,165,37,6,11700.47,5656.48,0.32
CUST_00380,478,5,2,7164.18,97782.98,0.89
CUST_00381,502,34,2,14010.6,366802.58,0.65
CUST_00382,966,27,1,9568.92,269809.14,0.57
CUST_00383,595,26,1,20867.21,6504.78,0.77
CUST_00384,1044,20,2,11916.88,251523.06,0.21
CUST_00385,565,4,3,5665.06,69773.63,0.7
CUST_00386,231,39,4,15603.86,178391.01,0.81
CUST_00387,1172,20,0,21894.28,255544.75,0.75
CUST_00388,727,37,7,14168.67,280769.39,0.64
CUST_00389,623,34,5,15173.0,12443.47,0.39
CUST_00390,693,19,5,8555.69,392663.59,0.74
CUST_00391,48,31,3,11172.92,74578.81,0.4
CUST_00392,860,33,1,5749.12,299514.42,0.76
CUST_00393,1049,11,0,7696.25,87566.56,0.67
CUST_00394,1100,20,7,3222.9,205542.54,0.86
CUST_00395,166,11,6,23772.72,102265.25,0.61
CUST_00396,1002,10,1,17596.22,293319.26,0.63
CUST_00397,592,6,0,23534.78,130389.08,0.49
CUST_00398,78,5,4,11048.96,468739.29,0.74
CUST_00399,667,26,3,18280.1,248734.12,0.49
CUST_00400,838,36,5,4225.03,305502.35,0.22
CUST_00401,1014,31,3,23928.38,35410.05,0.15
CUST_00402,1273,30,5,7110.28,138530.56,0.81
CUST_00403,1453,10,7,19057.14,225420.18,0.8
CUST_00404,1281,9,4,1130.26,32263.95,0.92
CUST_00405,719,21,3,10454.06,174324.32,0.91
CUST_00406,1256,18,7,24095.84,280523.92,0.94
CUST_00407,925,26,3,15723.31,247746.08,0.98
CUST_00408,1013,5,2,8655.1,155040.67,0.95
CUST_00409,474,12,0,3118.17,76472.17,0.3
CUST_00410,1044,7,5,13764.11,490277.89,0.3
CUST_00411,72,28,1,1971.41,354209.71,0.59
CUST_00412,227,6,5,21218.89,214886.64,0.23
CUST_00413,1110,22,7,16824.85,231685.48,0.47
CUST_00414,617,39,5,1838.15,256738.82,0.83
CUST_00415,272,10,2,19721.07,101480.53,0.33
CUST_00416,412,20,1,19033.1,377299.73,0.12
CUST_00417,657,21,6,21803.29,120159.31,0.51
CUST_00418,910,28,1,971.04,33537.09,0.52
CUST_00419,1150,8,3,9950.99,399373.75,0.43
CUST_00420,408,23,0,9696.37,388030.31,0.97
CUST_00421,37,12,1,7392.31,396634.36,0.62
CUST_00422,596,21,7,16174.06,98724.57,0.91
CUST_00423,857,18,1,17488.71,396837.41,0.39
CUST_00424,288,3,4,22460.5,85258.25,0.56
CUST_00425,1044,28,0,4850.35,447100.87,0.69
CUST_00426,1019,37,3,15497.86,42648.58,0.89
CUST_00427,843,12,2,8195.77,494219.58,0.54
CUST_00428,298,21,5,8278.38,498542.0,0.98
CUST_00429,160,27,4,13326.77,359957.46,0.9
CUST_00430,730,5,2,8619.96,148948.4,0.93
CUST_00431,1430,6,2,11937.85,410996.81,0.51
CUST_00432,1279,21,7,20535.6,440031.14,0.57
CUST_00433,1271,21,3,2785.75,120697.18,0.23
CUST_00434,1128,18,1,16383.35,310843.36,0.42
CUST_00435,891,5,3,24483.89,317436.93,0.21
CUST_00436,1119,16,1,8078.51,2904.75,0.71
CUST_00437,153,6,0,24796.04,37262.76,0.17
CUST_00438,471,3,3,12962.57,153350.03,0.29
CUST_00439,978,35,0,16433.12,469214.1,0.88
CUST_00440,874,39,0,22501.53,325733.51,0.89
CUST_00441,1496,27,6,3041.44,224080.72,0.51
CUST_00442,869,36,4,3482.56,206967.8,0.82
CUST_00443,310,20,0,10709.67,14560.33,0.97
CUST_00444,112,22,7,24327.58,413193.49,0.73
CUST_00445,202,28,3,24081.42,363608.83,0.37
CUST_00446,1041,19,6,3080.74,352139.3,0.59
CUST_00447,294,17,5,606.38,234915.21,0.37
CUST_00448,1030,11,4,7708.0,371853.41,0.14
CUST_00449,543,4,3,16794.78,297017.56,0.9
CUST_00450,1115,16,4,19926.08,18300.46,0.62
CUST_00451,690,21,6,1871.93,415855.38,0.64
CUST_00452,1254,33,4,22767.78,334930.93,0.85
CUST_00453,1118,24,7,921.01,347530.78,0.17
CUST_00454,588,12,5,3696.84,171067.03,0.25
CUST_00455,562,22,7,15893.3,296256.88,0.73
CUST_00456,377,4,6,2874.35,192871.15,0.54
CUST_00457,223,22,3,7007.75,236975.67,0.99
CUST_00458,1315,8,6,22319.56,2457.6,0.14
CUST_00459,312,6,1,3758.6,139130.34,0.97
CUST_00460,782,29,4,15676.24,235402.14,0.5
CUST_00461,682,20,7,13564.08,427213.86,0.14
CUST_00462,433,8,2,2968.24,170091.46,0.82
CUST_00463,846,9,7,15541.54,57805.36,0.41
CUST_00464,1094,39,6,1032.81,338034.68,0.14
CUST_00465,156,11,4,7085.87,197893.46,0.48
CUST_00466,485,12,7,16872.29,129828.45,0.71
CUST_00467,631,33,4,23889.99,410777.94,0.1
CUST_00468,1396,27,5,18024.03,414964.19,0.14
CUST_00469,1377,20,1,9780.82,228662.02,0.43
CUST_00470,441,19,6,13874.72,450260.31,0.46
CUST_00471,988,15,0,16258.58,323578.59,0.9
CUST_00472,939,13,1,16011.57,456730.19,0.65
CUST_00473,1137,28,2,16055.56,370749.64,0.58
CUST_00474,1403,3,7,3810.79,6841.6,0.48
CUST_00475,1364,35,2,14556.84,22825.8,0.21
CUST_00476,1332,31,0,20473.06,34624.89,0.45
CUST_00477,640,18,3,2217.08,271724.65,0.88
CUST_00478,1417,30,3,20019.99,411388.76,0.87
CUST_00479,1116,15,0,2742.18,444936.36,0.11
CUST_00480,708,36,3,12938.53,83648.55,0.68
CUST_00481,862,37,7,8843.17,78075.41,0.12
CUST_00482,1472,18,3,8712.92,36784.23,0.47
CUST_00483,354,38,7,13417.81,421019.96,0.62
CUST_00484,1084,38,0,17300.37,71135.93,0.54
CUST_00485,104,24,2,3653.99,50551.8,0.29
CUST_00486,291,27,1,18978.48,229802.98,0.36
CUST_00487,154,37,1,9448.81,188026.98,0.53
CUST_00488,815,6,3,20719.67,492022.57,0.36
CUST_00489,1037,17,4,19406.41,490074.39,0.53
CUST_00490,394,13,1,19118.97,416991.33,0.5
CUST_00491,1162,34,7,5107.21,29766.14,0.41
CUST_00492,168,21,3,14075.41,174291.24,0.62
CUST_00493,512,24,4,4017.88,408561.71,0.29
CUST_00494,133,17,2,8347.83,396468.17,0.52
CUST_00495,549,39,4,1274.65,238297.47,0.59
CUST_00496,93,19,6,14947.46,299961.17,0.42
CUST_00497,424,12,5,13868.27,29812.78,0.71
CUST_00498,912,12,5,11728.09,490512.7,0.54
CUST_00499,1052,32,5,7770.45,246217.67,0.57
CUST_00500,428,24,6,15262.16,459448.62,0.43
CUST_00501,1003,17,2,11562.69,222284.46,0.64
CUST_00502,394,4,6,12069.14,498065.35,0.15
CUST_00503,910,17,0,7671.34,120950.81,0.38
CUST_00504,866,3,2,12907.68,313669.66,0.93
CUST_00505,509,16,1,23252.66,16244.18,0.88
CUST_00506,349,10,1,7695.07,179999.05,0.82
CUST_00507,725,24,2,13355.88,396903.61,0.99
CUST_00508,142,8,1,2518.36,2156.46,0.14
CUST_00509,30,36,0,2005.03,3827.24,0.94
CUST_00510,286,9,6,21194.26,307188.45,0.18
CUST_00511,971,9,1,7224.26,344015.78,0.12
CUST_00512,939,11,2,20263.41,473896.32,0.17
CUST_00513,387,19,2,7699.27,39354.18,0.55
CUST_00514,1241,16,5,3886.35,355344.92,0.7
CUST_00515,1343,31,3,7240.81,401937.89,0.94
CUST_00516,762,27,5,14706.46,421273.14,0.59
CUST_00517,810,30,4,15206.28,179549.23,0.68
CUST_00518,366,22,6,18078.85,433599.8,0.51
CUST_00519,689,36,7,17160.65,121723.91,0.74
CUST_00520,1075,24,6,14213.24,60856.89,0.93
CUST_00521,1065,8,1,12568.38,142852.77,0.22
CUST_00522,1128,34,6,7007.21,201820.87,0.19
CUST_00523,1149,29,1,14959.1,447967.64,0.62
CUST_00524,419,8,0,6396.55,370711.12,0.38
CUST_00525,606,11,0,3509.27,282927.19,0.88
CUST_00526,940,4,3,23591.7,211769.88,0.44
CUST_00527,1474,12,2,3165.76,22103.58,0.61
CUST_00528,661,27,0,16993.44,70418.81,0.33
CUST_00529,958,13,4,7177.45,65670.72,0.71
CUST_00530,562,25,5,12042.54,317535.53,1.0
CUST_00531,1357,17,4,9812.47,433044.26,0.53
CUST_00532,256,18,7,9434.39,27125.16,0.79
CUST_00533,426,18,4,10570.2,360107.25,0.43
CUST_00534,981,38,2,16298.52,398324.06,0.78
CUST_00535,805,34,0,16395.5,369560.13,0.38
CUST_00536,517,21,3,11863.41,290008.45,0.18
CUST_00537,1366,35,4,20635.74,391225.65,0.59
CUST_00538,1155,10,5,8632.44,10644.49,0.21
CUST_00539,416,10,2,10285.96,265937.9,0.64
CUST_00540,200,24,4,21977.88,21786.75,0.46
CUST_00541,148,1,3,19417.59,386687.82,0.57
CUST_00542,204,12,2,20236.74,60983.41,0.34
CUST_00543,694,32,7,19396.6,259462.3,0.41
CUST_00544,749,12,7,7705.07,323582.91,0.98
CUST_00545,360,9,7,20795.15,303467.14,0.36
CUST_00546,673,22,2,22516.54,355357.58,0.94
CUST_00547,1258,34,3,18761.88,237431.1,0.15
CUST_00548,422,26,7,6207.22,265837.94,0.69
CUST_00549,569,11,6,19490.12,103285.62,0.75
CUST_00550,1494,7,1,15673.62,390879.61,0.62
CUST_00551,485,11,4,16008.08,194694.69,0.71
CUST_00552,593,1,0,8632.3,362765.6,0.58
CUST_00553,715,31,0,1836.42,74504.22,0.11
CUST_00554,975,11,7,7757.34,380783.06,0.42
CUST_00555,482,21,5,15636.44,464401.48,0.78
CUST_00556,331,14,1,10990.56,22906.07,0.25
CUST_00557,1481,29,7,22472.56,337500.14,0.22
CUST_00558,79,11,4,21388.49,121746.59,0.96
CUST_00559,1305,16,3,24872.04,356149.68,0.98
CUST_00560,386,12,2,11093.8,297186.91,0.17
CUST_00561,1443,18,1,4995.66,396504.96,0.92
CUST_00562,648,34,0,10061.59,476495.5,0.97
CUST_00563,391,8,4,12079.43,359447.26,0.32
CUST_00564,1092,1,2,19599.32,480123.72,0.79
CUST_00565,1097,29,5,598.95,5510.2,0.42
CUST_00566,1308,28,1,15968.78,111815.86,0.39
CUST_00567,485,2,6,20264.4,127656.72,0.32
CUST_00568,1226,29,2,3227.01,145153.58,0.46
CUST_00569,158,27,1,1409.31,380742.95,0.43
CUST_00570,658,20,3,1105.66,29793.76,0.5
CUST_00571,1070,26,5,19752.46,126249.69,0.61
CUST_00572,353,27,1,21227.61,451215.97,0.89
CUST_00573,1319,20,3,21043.46,376134.31,0.31
CUST_00574,1331,1,0,21709.23,141956.89,0.96
CUST_00575,680,5,7,14214.12,214323.41,0.39
CUST_00576,729,19,4,10923.54,451975.03,0.86
CUST_00577,491,5,4,19575.03,238691.53,0.55
CUST_00578,582,29,7,7603.66,297307.44,0.13
CUST_00579,300,27,3,22023.57,230541.2,0.19
CUST_00580,218,27,7,18250.71,387179.2,0.42
CUST_00581,319,4,2,21934.31,270008.18,0.35
CUST_00582,610,23,4,9978.05,273803.56,0.58
CUST_00583,709,6,4,5885.3,152795.16,0.37
CUST_00584,371,3,7,18314.82,483455.9,0.3
CUST_00585,1222,36,6,21256.11,211891.97,0.37
CUST_00586,1165,37,0,20474.45,91625.37,0.43
CUST_00587,533,36,6,19133.33,271693.03,0.23
CUST_00588,967,16,2,17820.22,84493.33,0.8
CUST_00589,39,9,0,12202.13,181493.42,0.95
CUST_00590,946,25,2,14134.26,390585.19,0.74
CUST_00591,518,36,0,11385.7,80353.48,0.26
CUST_00592,1251,39,2,23048.56,347603.12,0.76
CUST_00593,792,17,1,1581.81,71943.05,0.29
CUST_00594,274,20,3,21456.47,350883.76,0.75
CUST_00595,992,1,0,12217.76,253829.65,0.45
CUST_00596,398,4,1,922.28,419659.67,0.11
CUST_00597,703,33,5,11110.23,118251.73,0.73
CUST_00598,918,19,5,13496.98,270826.55,0.49
CUST_00599,1389,5,2,21607.22,90448.55,0.82
CUST_00600,745,35,2,5900.17,439791.17,0.83
CUST_00601,457,31,3,7464.12,435835.6,0.71
CUST_00602,548,37,7,8027.72,467713.25,0.87
CUST_00603,1263,19,2,6413.5,82244.71,0.27
CUST_00604,360,12,5,5028.26,206416.07,0.94
CUST_00605,875,5,0,15255.97,124318.65,0.42
CUST_00606,226,19,5,2081.14,103495.3,0.44
CUST_00607,1137,33,4,16885.53,316508.79,0.28
CUST_00608,789,19,7,24761.94,163301.7,0.95
CUST_00609,231,8,1,4730.31,485367.6,0.2
CUST_00610,454,5,1,5349.68,260332.43,0.17
CUST_00611,127,3,1,12231.08,134998.34,0.36
CUST_00612,51,10,5,3855.37,298084.47,0.25
CUST_00613,582,38,3,2574.05,299923.25,0.66
CUST_00614,1362,2,5,673.23,482542.67,0.33
CUST_00615,510,10,0,16899.78,292194.93,0.57
CUST_00616,1118,2,4,3191.53,225093.29,0.65
CUST_00617,589,22,2,465.05,386378.21,0.66
CUST_00618,313,30,0,15798.92,193421.14,0.94
CUST_00619,112,9,3,23952.25,200118.62,0.86
CUST_00620,291,32,7,24432.07,51844.66,0.11
CUST_00621,1394,35,3,22889.35,217576.47,0.33
CUST_00622,102,29,2,11128.11,498134.88,0.31
CUST_00623,68,20,4,5221.98,438857.55,0.76
CUST_00624,1419,33,0,6988.92,124532.33,0.16
CUST_00625,1367,3,5,15048.27,297806.8,0.43
CUST_00626,668,10,1,20627.7,466422.54,0.59
CUST_00627,899,3,1,18649.17,369220.78,0.57
CUST_00628,538,17,0,14735.89,269627.64,0.34
CUST_00629,578,28,0,16761.64,393906.13,0.51
CUST_00630,709,38,1,11230.87,325011.84,0.94
CUST_00631,92,28,1,7521.86,222515.81,0.12
CUST_00632,285,4,5,10368.53,235293.25,0.13
CUST_00633,1182,28,6,19181.69,205425.86,0.69
CUST_00634,1091,1,5,3063.45,258695.77,0.81
CUST_00635,271,28,4,22077.76,407248.72,0.72
CUST_00636,98,35,3,496.72,462355.97,0.5
CUST_00637,306,23,0,18640.51,39241.27,0.89
CUST_00638,1442,32,6,8370.54,177858.05,0.56
CUST_00639,126,39,7,8169.64,451875.66,0.17
CUST_00640,691,35,6,13183.51,397448.33,0.9
CUST_00641,443,12,6,11148.5,305662.83,0.24
CUST_00642,682,37,6,18131.65,193017.0,0.54
CUST_00643,626,17,6,18052.87,366468.12,0.56
CUST_00644,318,22,5,8827.18,207686.26,0.76
CUST_00645,1049,14,1,14678.95,60089.1,0.29
CUST_00646,276,11,5,6320.12,134532.8,0.4
CUST_00647,392,28,7,14054.9,208471.78,0.49
CUST_00648,359,19,2,10473.06,377043.72,0.28
CUST_00649,170,34,2,21802.02,316078.04,0.58
CUST_00650,1486,13,7,12543.88,466630.49,0.5
CUST_00651,46,24,1,5394.43,196537.83,0.91
CUST_00652,846,7,1,23800.62,388468.16,0.65
CUST_00653,1440,25,2,14148.75,314584.8,0.72
CUST_00654,697,16,0,17522.7,376566.51,0.52
CUST_00655,454,22,7,12281.84,167480.57,0.81
CUST_00656,368,14,4,20568.79,202879.76,0.54
CUST_00657,971,11,4,9879.3,401965.29,0.91
CUST_00658,563,2,7,12137.72,91679.92,0.77
CUST_00659,145,15,3,16313.45,37978.61,0.44
CUST_00660,250,15,3,14108.76,161259.91,0.3
CUST_00661,69,14,7,1997.23,185417.53,0.52
CUST_00662,648,11,1,23253.42,190234.04,0.85
CUST_00663,700,9,3,20171.02,386631.98,0.59
CUST_00664,1189,25,3,10823.95,274468.15,0.57
CUST_00665,1367,39,7,19035.0,8299.5,0.29
CUST_00666,612,29,2,16663.35,174134.37,0.45
CUST_00667,756,17,7,15253.67,217148.39,0.8
CUST_00668,967,37,4,7880.54,208070.64,0.74
CUST_00669,645,16,7,8051.52,121508.81,0.29
CUST_00670,745,30,5,18191.31,373130.94,0.6
CUST_00671,1231,26,1,9755.13,411093.64,0.69
CUST_00672,413,32,0,13868.76,267092.45,0.67
CUST_00673,90,3,5,8315.44,135486.42,0.27
CUST_00674,897,13,2,20647.05,32507.01,0.8
CUST_00675,916,15,3,4936.74,45104.09,0.73
CUST_00676,421,12,0,1069.38,130528.65,0.13
CUST_00677,857,21,7,1262.79,333756.85,0.39
CUST_00678,133,29,6,16769.27,48069.39,0.77
CUST_00679,922,33,5,1961.22,48364.05,1.0
CUST_00680,509,31,2,16954.19,3853.57,0.52
CUST_00681,1453,31,6,10456.43,65910.25,0.12
CUST_00682,979,21,2,14284.66,157076.22,0.69
CUST_00683,195,35,5,723.6,458385.05,0.74
CUST_00684,236,36,7,12937.4,3667.73,0.94
CUST_00685,1178,5,4,14797.33,290894.24,0.99
CUST_00686,103,19,2,3719.36,289841.24,0.61
CUST_00687,680,23,7,23249.75,171610.73,0.57
CUST_00688,809,5,2,12505.45,430661.6,0.52
CUST_00689,1067,38,0,1617.7,227927.41,0.71
CUST_00690,500,18,7,23148.67,316190.11,0.15
CUST_00691,1235,25,0,7099.62,78947.08,0.67
CUST_00692,645,4,0,17716.94,228130.82,0.7
CUST_00693,683,29,5,1796.94,343012.28,0.12
CUST_00694,1349,15,3,20129.43,480499.15,0.58
CUST_00695,42,26,5,4096.17,286731.01,0.35
CUST_00696,905,36,5,9066.64,26942.69,0.13
CUST_00697,669,26,5,15522.97,123896.72,0.72
CUST_00698,1098,7,7,24411.82,342043.43,0.44
CUST_00699,1309,23,7,20125.22,498621.71,0.13
CUST_00700,1276,17,6,24342.55,233039.75,0.86
CUST_00701,305,30,5,8883.42,218261.43,0.46
CUST_00702,839,17,7,23467.74,43466.64,0.45
CUST_00703,599,7,3,5965.33,235084.5,0.34
CUST_00704,593,10,7,11129.88,265410.75,0.99
CUST_00705,265,8,7,7175.7,399348.31,0.39
CUST_00706,891,8,4,806.86,413482.55,0.43
CUST_00707,1066,36,4,1845.35,106042.96,0.83
CUST_00708,195,31,1,21657.08,78307.73,0.17
CUST_00709,1428,2,6,17754.89,308992.18,0.24
CUST_00710,1477,38,1,7799.51,156533.22,0.1
CUST_00711,1118,23,0,11651.73,153925.27,0.84
CUST_00712,819,34,0,18207.65,287569.5,0.7
CUST_00713,135,17,6,8052.72,269473.33,0.86
CUST_00714,422,17,7,23528.35,8895.76,0.57
CUST_00715,230,13,7,12466.46,242107.25,0.85
CUST_00716,256,7,0,20053.03,62493.06,0.73
CUST_00717,859,25,7,22611.46,445051.98,0.84
CUST_00718,1046,6,2,12968.56,434933.44,0.46
CUST_00719,874,39,7,16643.18,71470.55,0.61
CUST_00720,1465,28,4,12421.9,203871.84,0.91
CUST_00721,451,32,4,24257.19,286058.97,0.23
CUST_00722,935,14,7,9374.55,44421.59,0.6
CUST_00723,1308,31,4,8639.94,494272.3,0.12
CUST_00724,754,31,5,21889.57,125584.81,0.34
CUST_00725,668,13,4,15126.95,27703.72,0.44
CUST_00726,961,17,5,11620.59,176258.47,0.18
CUST_00727,138,8,1,23633.24,305360.84,0.93
CUST_00728,1282,13,6,11817.6,380527.25,0.24
CUST_00729,751,2,5,12969.18,352337.55,0.94
CUST_00730,1147,29,5,12049.49,337525.43,0.79
CUST_00731,657,17,7,16849.8,234696.76,0.8
CUST_00732,955,23,7,13913.65,219651.13,0.86
CUST_00733,768,1,3,18917.23,108534.88,0.4
CUST_00734,1290,12,0,3056.35,304551.43,0.35
CUST_00735,136,12,0,20095.71,196654.69,0.78
CUST_00736,445,31,0,14044.47,428390.21,0.85
CUST_00737,975,6,5,8155.82,374963.58,0.49
CUST_00738,256,8,0,10638.98,146965.7,0.4
CUST_00739,133,2,6,23350.17,133482.71,0.65
CUST_00740,1081,19,7,21248.3,473633.57,0.9
CUST_00741,1271,4,5,22849.4,170545.35,0.51
CUST_00742,1158,32,0,8868.08,218386.75,0.82
CUST_00743,825,35,5,6747.9,172349.96,0.85
CUST_00744,501,12,7,9500.97,464386.65,0.16
CUST_00745,941,9,6,17840.28,137202.05,0.41
CUST_00746,831,25,6,4978.02,3508.25,0.15
CUST_00747,945,9,1,18920.54,289367.67,0.91
CUST_00748,1336,5,2,1673.46,4432.1,0.29
CUST_00749,191,26,6,21446.47,179027.59,0.78
CUST_00750,212,4,6,2944.31,220588.97,0.76
CUST_00751,178,3,1,10919.95,415643.64,0.21
CUST_00752,323,33,3,17149.18,474999.93,0.22
CUST_00753,1078,15,5,4360.82,59174.95,0.59
CUST_00754,120,23,3,23309.41,410669.53,0.61
CUST_00755,1295,23,7,14146.32,471386.93,0.17
CUST_00756,221,11,4,2880.03,288851.83,0.52
CUST_00757,1250,38,4,1960.68,297828.84,0.76
CUST_00758,137,30,2,2850.65,87089.41,0.61
CUST_00759,635,28,1,6713.87,484892.09,0.49
CUST_00760,572,34,6,1603.3,346313.62,0.51
CUST_00761,414,37,6,6545.6,289238.25,0.42
CUST_00762,1262,21,6,2188.06,448046.21,0.81
CUST_00763,631,17,0,4154.08,417460.89,0.42
CUST_00764,395,6,2,4812.01,70659.83,0.62
CUST_00765,444,27,4,7791.16,466344.88,0.21
CUST_00766,436,22,1,13429.83,17296.87,0.53
CUST_00767,739,20,5,16457.76,310000.28,0.4
CUST_00768,42,14,5,5832.37,120332.13,0.56
CUST_00769,448,35,0,9060.26,275781.03,0.46
CUST_00770,410,24,4,9524.41,128412.85,0.2
CUST_00771,1194,32,3,13432.03,269353.68,0.35
CUST_00772,837,15,6,4173.27,413823.77,0.14
CUST_00773,266,26,3,17839.83,48768.8,0.39
CUST_00774,188,15,2,23965.51,111002.56,0.9
CUST_00775,1178,39,1,15856.57,202202.11,0.78
CUST_00776,1250,18,1,19589.81,199715.67,0.5
CUST_00777,379,23,4,13645.32,422488.29,0.49
CUST_00778,948,4,4,12661.79,217451.51,0.32
CUST_00779,1255,32,0,14454.14,163280.39,0.14
CUST_00780,840,3,1,24465.36,482907.86,0.46
CUST_00781,445,19,4,16876.0,402909.59,0.95
CUST_00782,788,20,5,6868.43,495175.82,0.12
CUST_00783,1323,12,6,17294.73,61073.4,0.94
CUST_00784,1136,23,1,22211.85,210504.5,0.55
CUST_00785,310,23,5,4257.57,86297.26,0.48
CUST_00786,747,25,1,18188.54,345512.46,0.41
CUST_00787,1408,25,5,15180.5,82346.54,0.31
CUST_00788,434,11,4,23721.81,152996.58,0.34
CUST_00789,150,2,3,10664.8,26260.61,0.14
CUST_00790,1042,18,2,18359.59,473431.26,0.8
CUST_00791,1386,12,3,14285.51,4122.48,0.16
CUST_00792,620,27,2,7005.85,452217.4,0.44
CUST_00793,46,12,4,5778.01,159459.74,0.33
CUST_00794,119,8,4,2655.41,225579.26,0.4
CUST_00795,955,12,4,7209.73,166667.15,0.7
CUST_00796,224,37,4,12264.46,347208.97,0.6
CUST_00797,1074,13,1,20194.18,380320.3,0.24
CUST_00798,867,20,0,8860.0,204450.17,0.21
CUST_00799,979,18,4,1156.42,196563.37,0.73
CUST_00800,859,13,2,24408.01,173063.99,0.4
CUST_00801,1040,36,0,10459.21,121025.26,0.71
CUST_00802,1341,20,0,20661.46,199099.09,0.24
CUST_00803,307,11,4,16880.39,136051.33,0.17
CUST_00804,164,9,1,3196.82,85361.83,0.42
CUST_00805,1242,35,0,16056.18,492602.1,0.79
CUST_00806,223,10,1,8458.03,282551.68,0.87
CUST_00807,956,39,4,17320.47,411813.33,0.6
CUST_00808,1463,4,6,13232.93,127538.47,0.52
CUST_00809,1021,11,3,7563.47,105948.96,0.79
CUST_00810,1161,2,1,1806.88,144627.82,0.18
CUST_00811,1248,11,4,8310.94,338565.39,0.63
CUST_00812,685,2,0,433.5,1671.79,0.44
CUST_00813,1149,28,0,5888.93,346484.8,0.31
CUST_00814,1414,13,7,16410.21,126288.97,0.69
CUST_00815,497,22,0,17624.17,57606.97,1.0
CUST_00816,1375,32,1,10460.95,64066.82,0.13
CUST_00817,534,10,7,6687.21,14898.27,0.67
CUST_00818,1461,1,2,12467.2,317072.46,0.82
CUST_00819,556,2,4,22292.49,288863.72,0.61
CUST_00820,651,24,4,2519.96,300855.09,0.41
CUST_00821,65,12,5,24788.9,363692.58,0.81
CUST_00822,758,36,7,7904.79,418927.89,0.65
CUST_00823,692,38,2,327.47,136705.33,0.3
CUST_00824,1157,4,4,3456.03,221740.9,0.14
CUST_00825,1390,12,7,16726.88,278732.64,0.41
CUST_00826,1454,32,6,20838.5,459280.37,0.68
CUST_00827,884,27,3,18304.8,390130.62,0.21
CUST_00828,1340,33,4,8271.35,277623.98,0.23
CUST_00829,965,23,7,22391.79,411979.6,0.91
CUST_00830,1462,29,5,9785.85,333467.66,0.99
CUST_00831,101,27,0,2645.64,158144.3,0.19
CUST_00832,595,11,6,11269.36,266404.01,0.89
CUST_00833,222,35,3,8204.67,238754.17,0.39
CUST_00834,881,2,4,17150.13,158304.48,0.22
CUST_00835,738,3,3,14588.76,347017.64,0.73
CUST_00836,272,9,6,12648.99,365394.35,0.66
CUST_00837,217,13,4,19257.22,154457.37,0.54
CUST_00838,240,22,2,5883.02,275974.43,0.57
CUST_00839,328,26,6,7162.78,385984.52,0.69
CUST_00840,809,39,2,12011.86,34280.25,0.14
CUST_00841,835,27,2,13223.36,136621.47,0.46
CUST_00842,1273,38,0,22479.0,405152.29,0.62
CUST_00843,388,7,2,11814.69,95778.13,0.73
CUST_00844,1474,12,2,817.07,158570.8,0.15
CUST_00845,147,25,4,7784.53,483307.21,0.67
CUST_00846,36,32,0,11518.34,206727.58,0.94
CUST_00847,820,23,4,8154.17,290285.85,0.41
CUST_00848,894,25,5,12796.51,81799.58,0.69
CUST_00849,749,17,2,3119.26,470583.08,0.89
CUST_00850,387,25,2,9865.68,330185.45,0.5
CUST_00851,1140,38,7,10549.52,365515.75,0.22
CUST_00852,1494,10,1,15164.63,291286.59,0.46
CUST_00853,978,33,0,16987.85,20005.06,0.66
CUST_00854,100,26,3,15002.17,436084.62,0.62
CUST_00855,321,24,2,13644.89,40560.86,0.61
CUST_00856,1209,14,0,7619.25,72591.26,0.24
CUST_00857,450,31,3,2291.2,469844.73,0.78
CUST_00858,571,39,0,2280.61,238942.6,0.67
CUST_00859,1143,30,3,7143.61,470499.2,0.21
CUST_00860,1143,26,6,4675.69,361310.97,0.14
CUST_00861,1154,22,2,10739.6,497823.28,0.11
CUST_00862,1282,33,1,19712.35,309347.85,0.41
CUST_00863,1214,21,3,14302.25,176419.59,0.65
CUST_00864,201,39,4,1647.77,300131.11,0.91
CUST_00865,1239,38,4,11231.66,25132.99,0.84
CUST_00866,751,4,2,6832.45,252269.94,0.16
CUST_00867,412,2,3,15897.03,392418.33,0.64
CUST_00868,1465,16,6,10553.59,8151.12,0.53
CUST_00869,756,22,7,19757.23,142398.67,0.85
CUST_00870,954,39,1,604.82,72337.48,0.77
CUST_00871,64,29,6,1563.41,199498.93,0.56
CUST_00872,933,19,2,6984.31,97887.27,0.53
CUST_00873,586,21,2,13966.28,260704.25,1.0
CUST_00874,363,9,3,24006.84,25298.73,0.19
CUST_00875,1478,38,1,22598.27,262925.09,0.51
CUST_00876,1261,10,2,21101.48,149009.63,0.17
CUST_00877,1421,12,0,17109.79,83871.35,0.15
CUST_00878,994,6,6,23739.82,72135.72,0.44
CUST_00879,687,14,3,16908.03,85766.42,0.15
CUST_00880,140,27,7,10517.86,326833.49,0.62
CUST_00881,1302,4,5,2731.08,478403.5,0.64
CUST_00882,1485,16,7,3134.41,245713.85,0.25
CUST_00883,879,20,5,19998.6,339095.36,0.59
CUST_00884,1002,12,6,7230.84,175618.99,0.8
CUST_00885,1362,35,6,17276.2,480846.29,0.76
CUST_00886,734,24,0,10418.92,489132.11,0.26
CUST_00887,105,19,1,18352.5,210585.49,0.62
CUST_00888,920,19,3,1978.94,91431.55,0.96
CUST_00889,156,35,1,10570.72,274745.62,0.46
CUST_00890,339,23,3,1761.67,316768.5,0.79
CUST_00891,1492,8,3,23747.05,439921.15,0.92
CUST_00892,94,25,0,9053.12,152112.11,0.76
CUST_00893,1211,23,7,23485.02,175577.34,0.32
CUST_00894,644,21,0,13970.75,285573.18,0.29
CUST_00895,1485,7,1,14228.16,131320.05,0.73
CUST_00896,1143,31,4,12975.42,66121.78,0.5
CUST_00897,658,20,4,1804.94,347314.69,0.26
CUST_00898,278,6,2,6291.68,46563.09,0.39
CUST_00899,800,2,7,4607.91,236353.1,0.18
CUST_00900,1294,18,7,9232.68,63562.3,0.33
CUST_00901,182,1,3,857.34,430970.78,0.62
CUST_00902,250,25,7,20310.98,215407.01,0.77
CUST_00903,1095,9,0,4765.39,135130.01,0.28
CUST_00904,374,18,1,14011.8,294407.82,0.48
CUST_00905,77,32,0,4679.97,361812.75,0.8
CUST_00906,629,18,3,10187.73,406121.2,0.11
CUST_00907,1190,9,4,7550.31,133732.85,0.4
CUST_00908,1314,5,6,14245.39,331850.57,0.71
CUST_00909,967,13,3,18477.17,104991.39,0.22
CUST_00910,220,3,7,6007.7,448795.47,0.33
CUST_00911,1351,35,4,21520.06,250529.07,0.71
CUST_00912,102,10,3,19072.14,156986.41,0.47
CUST_00913,1204,23,6,9832.71,187599.62,0.9
CUST_00914,828,31,0,24151.28,197384.11,0.22
CUST_00915,1066,2,0,10876.14,316377.59,0.75
CUST_00916,1152,3,1,10858.42,322964.07,0.77
CUST_00917,985,19,5,6948.29,100117.18,0.81
CUST_00918,353,24,0,19937.93,162541.68,0.79
CUST_00919,899,14,0,16146.74,13759.33,0.81
CUST_00920,1043,16,6,2992.64,125021.37,0.39
CUST_00921,1326,19,1,7770.92,429490.36,0.87
CUST_00922,547,34,3,17350.97,472567.01,0.71
CUST_00923,715,25,6,16249.41,255774.63,0.21
CUST_00924,928,34,3,4675.04,3564.67,0.5
CUST_00925,1237,21,5,6119.88,471843.5,0.88
CUST_00926,1112,32,5,20140.15,493294.99,0.64
CUST_00927,737,8,7,15737.0,319536.94,0.38
CUST_00928,30,7,2,12044.25,424699.91,0.45
CUST_00929,719,11,1,10224.29,289336.16,0.38
CUST_00930,1485,17,2,20769.11,414951.8,0.74
CUST_00931,1323,35,3,16874.02,348815.06,0.43
CUST_00932,1077,17,3,3739.4,306392.26,0.38
CUST_00933,1080,15,6,17075.32,316056.61,0.34
CUST_00934,588,3,5,21628.07,67011.69,0.98
CUST_00935,1275,32,7,22814.41,111537.12,0.15
CUST_00936,363,15,3,8799.06,260751.37,0.5
CUST_00937,794,29,6,10571.78,32501.82,0.46
CUST_00938,1410,2,0,16679.71,298087.82,0.47
CUST_00939,786,21,4,20495.3,447633.25,0.87
CUST_00940,471,17,7,1437.76,465481.21,0.69
CUST_00941,622,30,5,24894.64,218195.88,0.93
CUST_00942,1218,16,2,5344.78,209928.88,0.3
CUST_00943,641,9,2,12970.59,141415.1,0.84
CUST_00944,280,29,5,1969.84,362290.57,0.94
CUST_00945,245,33,0,7900.26,121845.15,0.17
CUST_00946,313,32,0,6092.14,374940.13,0.93
CUST_00947,903,16,1,7080.31,312707.32,0.17
CUST_00948,258,13,0,17256.89,407720.98,0.89
CUST_00949,1235,18,6,544.79,389245.11,0.51
CUST_00950,277,3,6,8221.9,281652.26,0.35
CUST_00951,523,1,3,10146.47,431598.27,0.34
CUST_00952,550,26,5,472.46,202337.0,0.31
CUST_00953,561,6,7,20739.84,1298.37,0.38
CUST_00954,1484,24,7,4867.53,214649.43,0.16
CUST_00955,315,35,5,11134.59,488770.63,0.83
CUST_00956,1211,34,0,1787.61,149527.49,0.37
CUST_00957,1014,14,6,21154.58,457987.98,0.75
CUST_00958,1167,19,0,4996.18,410803.83,0.59
CUST_00959,208,37,0,12070.2,369202.33,0.23
CUST_00960,1017,26,7,19305.23,467462.96,0.92
CUST_00961,722,23,6,7319.35,145195.29,0.44
CUST_00962,619,4,5,11302.69,296518.48,0.73
CUST_00963,681,17,4,19972.08,369995.15,0.68
CUST_00964,931,6,2,10513.86,20865.91,0.35
CUST_00965,1097,7,6,24249.51,367619.58,0.73
CUST_00966,1122,27,0,3787.62,381994.41,0.2
CUST_00967,1387,23,5,12110.53,384217.02,0.67
CUST_00968,198,29,1,13418.4,373113.12,0.84
CUST_00969,1096,31,1,2005.21,168059.73,0.38
CUST_00970,1156,32,5,15593.45,412578.67,0.72
CUST_00971,985,21,5,3567.04,99147.41,0.31
CUST_00972,749,12,7,17493.17,181888.49,0.84
CUST_00973,216,17,7,20083.19,90899.17,0.2
CUST_00974,1324,7,4,5223.83,206770.88,0.17
CUST_00975,744,26,0,1676.8,305296.57,0.32
CUST_00976,458,38,0,13773.61,104321.48,0.59
CUST_00977,854,24,4,449.36,242446.25,0.21
CUST_00978,1390,9,3,3053.75,285634.34,0.62
CUST_00979,690,11,4,11261.15,141901.59,0.17
CUST_00980,525,17,1,7746.14,300087.12,0.28
CUST_00981,186,14,0,8668.94,476079.16,0.76
CUST_00982,1132,9,4,12630.21,109073.01,0.89
CUST_00983,567,26,3,10767.12,171724.17,0.97
CUST_00984,1184,18,7,8985.75,454864.69,0.61
CUST_00985,206,33,3,8011.14,362830.47,0.82
CUST_00986,1361,26,2,19844.72,301090.65,0.41
CUST_00987,437,36,7,21172.48,198131.62,0.15
CUST_00988,493,10,5,9870.42,292127.34,0.52
CUST_00989,177,6,7,4904.57,374935.35,0.59
CUST_00990,228,26,5,12271.83,14406.96,0.44
CUST_00991,97,3,3,17963.59,478610.28,0.48
CUST_00992,1193,30,0,24063.92,268281.62,0.66
CUST_00993,311,34,3,12920.98,214953.38,0.15
CUST_00994,1132,9,6,8541.42,194459.88,0.22
CUST_00995,1329,2,3,18284.48,300525.45,0.76
CUST_00996,107,2,7,14467.01,171478.92,0.68
CUST_00997,1245,6,4,4706.88,54969.35,0.86
CUST_00998,1104,30,4,5035.88,278193.14,0.63
CUST_00999,594,20,2,2476.92,388622.42,0.86
CUST_01000,221,11,6,20743.58,370194.05,0.81
CUST_01001,1440,9,6,5153.23,106661.19,0.14
CUST_01002,1320,21,0,17697.08,464369.84,0.76
CUST_01003,1067,14,6,17495.95,97242.41,0.18
CUST_01004,551,34,0,18234.3,61530.2,0.37
CUST_01005,900,1,3,15134.4,83961.41,0.44
CUST_01006,1185,22,0,14692.35,62929.58,0.21
CUST_01007,803,10,1,5042.98,333676.14,0.66
CUST_01008,1055,12,0,13357.82,167886.82,0.57
CUST_01009,241,10,4,6659.73,387435.33,0.45
CUST_01010,1491,14,7,18823.86,402753.31,0.22
CUST_01011,1073,30,6,23089.33,251683.54,0.4
CUST_01012,1299,38,5,21603.49,158682.57,0.87
CUST_01013,1104,6,0,18594.39,243023.98,0.18
CUST_01014,1301,8,4,4736.11,141393.96,0.51
CUST_01015,1071,33,2,2149.93,53974.02,0.85
CUST_01016,139,27,1,20751.02,189619.03,0.98
CUST_01017,820,25,2,1200.59,27319.23,0.85
CUST_01018,605,29,6,13823.69,471945.28,0.33
CUST_01019,1279,33,4,15532.8,430538.67,0.41
CUST_01020,117,18,5,15545.32,442519.17,0.31
CUST_01021,206,23,3,24166.98,485067.15,0.88
CUST_01022,1095,13,7,15880.03,228369.13,0.53
CUST_01023,1363,23,2,4493.05,48724.71,0.48
CUST_01024,86,8,1,13818.92,83135.04,0.16
CUST_01025,1312,19,4,21345.6,280049.85,0.56
CUST_01026,1000,12,1,18662.85,266880.69,0.87
CUST_01027,668,12,1,17172.92,466350.79,0.62
CUST_01028,965,16,6,18730.64,401217.1,0.24
CUST_01029,1383,13,4,18065.09,136503.68,0.38
CUST_01030,789,15,1,22748.01,380439.63,0.71
CUST_01031,739,15,7,12011.7,113668.99,0.65
CUST_01032,1274,37,6,11421.84,127012.66,0.5
CUST_01033,490,39,7,3519.72,102563.9,0.79
CUST_01034,365,4,7,20271.69,159634.43,0.11
CUST_01035,285,26,4,22165.4,44266.58,0.58
CUST_01036,128,28,7,3602.28,467761.85,0.78
CUST_01037,1095,14,2,10887.51,314622.58,0.29
CUST_01038,797,8,4,24938.7,17193.09,0.31
CUST_01039,250,15,4,9864.41,142099.96,0.37
CUST_01040,877,4,6,18026.6,488332.2,0.44
CUST_01041,992,36,4,16117.4,425401.61,0.77
CUST_01042,801,34,0,12383.91,67538.89,0.32
CUST_01043,1389,28,1,1743.91,150664.77,0.53
CUST_01044,397,39,7,23862.45,432920.04,0.62
CUST_01045,590,39,1,8671.94,398034.46,0.17
CUST_01046,228,9,3,6633.4,467055.01,0.22
CUST_01047,956,31,6,18833.17,156046.95,0.56
CUST_01048,409,24,0,9185.08,268541.54,0.75
CUST_01049,989,27,3,7585.16,238256.34,0.78
CUST_01050,1046,22,1,24921.19,214002.31,0.2
CUST_01051,737,21,7,21980.41,102793.31,0.84
CUST_01052,180,20,6,24304.58,256795.01,0.36
CUST_01053,432,37,4,7831.11,97145.52,0.22
CUST_01054,849,36,3,24339.54,101501.75,0.11
CUST_01055,575,4,2,20567.45,4563.9,0.51
CUST_01056,482,13,6,11420.84,128119.6,0.42
CUST_01057,1246,21,7,18095.28,141630.68,0.27
CUST_01058,1198,21,0,19429.79,68082.28,0.52
CUST_01059,176,38,2,19652.49,6246.1,0.79
CUST_01060,250,33,5,19862.23,493357.12,0.33
CUST_01061,926,31,5,19694.19,244215.75,0.95
CUST_01062,1291,16,7,12871.29,226959.58,0.35
CUST_01063,661,28,4,11964.54,162840.11,0.96
CUST_01064,1246,19,7,14814.39,410475.3,0.45
CUST_01065,668,3,0,9136.54,32886.57,0.17
CUST_01066,1237,34,4,24173.99,472408.98,0.4
CUST_01067,230,13,0,452.74,405531.1,0.95
CUST_01068,732,7,5,15371.84,471243.35,0.81
CUST_01069,287,27,6,11413.61,346761.55,0.76
CUST_01070,1426,39,1,23909.33,119120.94,0.89
CUST_01071,233,4,5,21171.8,30466.02,0.34
CUST_01072,1199,24,5,2536.82,334333.62,0.22
CUST_01073,1332,30,7,9797.54,174132.52,0.49
CUST_01074,949,15,3,8595.33,257419.4,0.82
CUST_01075,1374,12,3,4931.36,375548.63,0.31
CUST_01076,132,32,5,12924.02,223313.39,0.97
CUST_01077,559,27,3,16462.36,436387.46,0.32
CUST_01078,1215,8,5,9489.48,47132.31,0.51
CUST_01079,742,9,2,6326.68,483400.38,0.96
CUST_01080,187,5,5,22420.23,483344.49,0.5
CUST_01081,264,12,1,4573.69,134119.26,0.21
CUST_01082,97,38,6,20597.28,70345.53,0.77
CUST_01083,647,31,3,8222.12,96936.7,0.38
CUST_01084,687,12,6,19550.32,261725.91,0.68
CUST_01085,356,17,3,17127.67,358276.36,0.65
CUST_01086,739,39,6,12454.67,493257.21,0.35
CUST_01087,1131,34,3,20425.4,209278.42,0.38
CUST_01088,103,3,5,3239.83,35395.01,0.54
CUST_01089,1322,17,6,13756.59,63696.1,0.36
CUST_01090,354,17,3,18143.56,4688.56,0.56
CUST_01091,181,21,7,23880.26,400268.65,0.32
CUST_01092,1109,35,6,12796.37,389086.23,0.87
CUST_01093,696,14,4,16218.78,92249.4,0.31
CUST_01094,799,17,0,542.74,205182.11,0.4
CUST_01095,1420,26,5,3685.2,431243.5,0.83
CUST_01096,113,12,7,21339.22,27234.62,0.19
CUST_01097,1173,12,4,11611.69,198997.87,0.49
CUST_01098,546,35,2,13101.51,361385.83,0.26
CUST_01099,1169,10,1,13113.07,26531.59,0.31
CUST_01100,1119,7,4,23262.35,63182.08,0.69
CUST_01101,493,34,1,11760.44,67508.84,0.93
CUST_01102,1144,11,5,15641.33,151598.23,0.91
CUST_01103,1388,20,0,16204.53,417328.07,0.62
CUST_01104,1292,33,5,6519.63,412049.45,0.18
CUST_01105,508,37,5,7624.48,133291.51,0.49
CUST_01106,254,18,6,2849.45,292932.55,0.54
CUST_01107,710,2,5,6898.46,455421.83,0.49
CUST_01108,689,39,4,15763.55,38564.08,0.2
CUST_01109,157,27,1,11287.53,449806.85,0.22
CUST_01110,1017,5,6,15376.29,417651.92,0.74
CUST_01111,378,31,2,21497.71,86129.96,0.49
CUST_01112,93,3,7,15191.45,327456.01,1.0
CUST_01113,1022,11,2,20958.55,487245.22,0.98
CUST_01114,1164,27,3,16263.86,324023.73,0.22
CUST_01115,644,31,3,19266.55,376145.5,0.63
CUST_01116,155,2,1,17627.03,230212.48,0.15
CUST_01117,1241,2,1,19671.5,473493.22,0.35
CUST_01118,114,36,5,1931.57,486311.55,0.42
CUST_01119,1035,10,4,20477.19,375023.24,0.73
CUST_01120,1314,26,7,3393.71,328099.48,0.14
CUST_01121,977,37,2,17978.68,486424.06,0.98
CUST_01122,467,21,1,18499.61,251019.08,0.62
CUST_01123,1270,38,5,21964.88,122346.81,0.6
CUST_01124,229,38,4,22804.68,410433.24,0.78
CUST_01125,1111,20,7,15262.12,316308.2,0.57
CUST_01126,1447,9,6,14686.15,94108.46,0.27
CUST_01127,868,37,5,14818.62,420333.74,0.12
CUST_01128,707,28,7,5310.47,499161.06,0.59
CUST_01129,1017,27,7,14644.67,371100.38,0.71
CUST_01130,705,7,1,7309.81,347237.72,0.38
CUST_01131,952,9,4,24079.49,314545.21,0.27
CUST_01132,666,3,5,8261.42,388669.98,0.16
CUST_01133,1055,18,6,1688.48,374012.8,0.87
CUST_01134,1262,20,0,10970.14,17472.96,0.96
CUST_01135,852,3,5,4644.49,118456.25,0.54
CUST_01136,478,26,4,661.78,460650.8,0.98
CUST_01137,45,36,7,18916.89,127436.32,0.91
CUST_01138,734,15,0,18944.24,155421.83,0.5
CUST_01139,423,35,4,357.39,491981.54,0.92
CUST_01140,344,23,6,11607.78,130221.84,0.89
CUST_01141,205,33,4,16517.1,453585.77,0.25
CUST_01142,527,4,3,17194.19,95923.74,0.57
CUST_01143,1363,35,7,8591.36,287716.52,0.56
CUST_01144,1378,19,0,3792.17,66029.9,0.68
CUST_01145,1409,37,4,4421.16,461941.97,0.84
CUST_01146,943,16,0,13570.71,338885.01,0.71
CUST_01147,68,39,6,2838.38,86926.54,0.49
CUST_01148,1126,31,2,10792.15,171532.67,0.27
CUST_01149,1152,14,2,5889.05,66771.61,0.9
CUST_01150,1350,2,2,19583.27,455187.87,0.44
CUST_01151,1444,12,4,5678.39,40072.53,0.62
CUST_01152,1224,32,1,4617.1,437497.08,0.76
CUST_01153,129,33,3,21929.42,136444.0,0.1
CUST_01154,1196,14,0,8098.31,395890.1,0.71
CUST_01155,783,4,1,3908.59,411678.78,0.31
CUST_01156,655,14,2,15022.28,54617.83,0.12
CUST_01157,284,18,1,4680.58,4514.41,0.82
CUST_01158,916,13,3,16672.64,482758.87,0.92
CUST_01159,1427,34,3,24715.71,172809.71,0.16
CUST_01160,608,33,5,2773.83,136587.08,0.83
CUST_01161,415,30,0,24540.17,315212.11,0.47
CUST_01162,1353,13,6,3702.03,28119.7,0.12
CUST_01163,76,31,3,23240.46,248874.97,0.86
CUST_01164,712,10,7,9211.92,376670.89,0.55
CUST_01165,426,6,5,1149.76,317829.94,0.87
CUST_01166,217,6,2,15006.75,443411.13,0.47
CUST_01167,1407,2,2,10609.36,73011.71,0.18
CUST_01168,520,22,4,18480.07,160688.04,0.56
CUST_01169,1329,9,2,18019.11,332505.34,0.41
CUST_01170,756,8,2,23653.72,316427.94,0.49
CUST_01171,711,19,7,18838.44,373463.5,0.23
CUST_01172,396,37,2,24561.72,192068.6,0.26
CUST_01173,135,8,4,15812.35,415139.86,0.47
CUST_01174,298,22,6,1020.5,271077.87,0.15
CUST_01175,146,18,1,15782.02,180012.51,1.0
CUST_01176,782,26,7,14276.54,458461.25,0.82
CUST_01177,1269,38,1,14975.17,359931.0,0.66
CUST_01178,475,17,6,6371.72,457506.23,0.4
CUST_01179,1152,6,1,16036.02,449435.18,0.51
CUST_01180,754,25,4,11337.79,389214.5,0.3
CUST_01181,927,15,3,21372.27,466856.65,0.94
CUST_01182,160,35,5,2380.06,492303.37,0.7
CUST_01183,1263,19,2,24156.17,88217.71,0.68
CUST_01184,635,11,0,12146.74,486449.24,0.1
CUST_01185,362,29,1,12876.2,13310.31,0.47
CUST_01186,1459,24,2,18395.53,342677.86,0.29
CUST_01187,1043,35,7,1326.53,104192.04,0.93
CUST_01188,1245,16,1,17649.41,150429.4,0.34
CUST_01189,1285,2,5,3921.23,80673.51,0.81
CUST_01190,862,25,7,3303.65,316909.48,0.91
CUST_01191,1202,38,6,20330.1,200777.96,0.95
CUST_01192,1053,6,6,1216.7,41254.21,0.71
CUST_01193,260,3,3,19845.37,101254.76,0.82
CUST_01194,422,30,4,23539.64,92263.63,0.61
CUST_01195,702,2,7,7056.49,200429.34,0.98
CUST_01196,1396,31,2,6667.13,350980.42,0.11
CUST_01197,130,2,6,20619.64,7627.32,0.59
CUST_01198,1308,29,3,20508.2,333998.59,0.21
CUST_01199,483,32,1,8289.04,409797.87,0.58
CUST_01200,944,5,4,15443.97,79444.74,0.97
CUST_01201,290,12,5,14747.79,133849.52,0.13
CUST_01202,850,3,3,23380.18,104060.67,0.76
CUST_01203,245,33,7,13808.81,273577.55,0.18
CUST_01204,580,12,4,24088.43,458854.9,0.79
CUST_01205,500,9,7,2798.79,311945.79,0.42
CUST_01206,860,15,3,7071.85,160708.31,0.79
CUST_01207,175,18,0,21704.91,297194.05,0.21
CUST_01208,1053,16,2,3189.48,227180.46,0.87
CUST_01209,1206,15,0,5034.28,237797.63,0.43
CUST_01210,817,14,4,14734.58,398633.92,0.41
CUST_01211,475,18,6,21215.59,416138.83,0.46
CUST_01212,46,33,7,22968.98,454265.26,0.64
CUST_01213,950,34,3,2938.48,120183.74,0.95
CUST_01214,1271,27,7,4512.29,224227.92,0.29
CUST_01215,1047,7,7,7471.94,41923.36,0.37
CUST_01216,257,21,1,7169.37,93033.16,0.55
CUST_01217,1119,27,3,2192.57,332352.48,0.31
CUST_01218,132,20,5,8666.7,282304.81,0.28
CUST_01219,492,34,6,11726.47,409331.95,0.71
CUST_01220,796,7,5,18150.28,160293.42,0.92
CUST_01221,261,32,0,6088.94,62659.68,0.21
CUST_01222,1240,27,0,23105.16,272867.51,0.34
CUST_01223,537,26,0,11503.25,19986.54,0.76
CUST_01224,955,22,2,3107.06,2955.27,1.0
CUST_01225,1028,31,0,12890.23,150733.47,0.24
CUST_01226,706,31,2,18980.86,270291.23,0.17
CUST_01227,300,2,3,16067.25,349992.99,0.2
CUST_01228,872,26,2,11941.65,490567.71,0.77
CUST_01229,1327,11,4,4452.52,256618.02,0.54
CUST_01230,424,35,0,14620.35,270568.42,0.15
CUST_01231,1465,14,7,17095.3,102233.71,0.77
CUST_01232,589,15,2,20951.15,78238.23,0.37
CUST_01233,1122,23,4,6590.2,244986.51,0.47
CUST_01234,690,35,4,3811.88,27360.12,0.66
CUST_01235,1148,17,2,12944.88,263976.8,0.61
CUST_01236,1290,36,3,8491.95,361805.51,0.56
CUST_01237,251,32,6,24261.89,11968.93,0.82
CUST_01238,1397,6,2,3649.98,73668.69,0.73
CUST_01239,1343,24,5,24996.28,2089.89,0.67
CUST_01240,303,24,0,21102.19,105443.73,0.17
CUST_01241,775,7,6,2533.35,473980.43,0.33
CUST_01242,495,18,5,19786.94,341210.96,0.9
CUST_01243,129,8,3,19389.15,401782.09,0.24
CUST_01244,716,39,6,678.17,390505.79,0.43
CUST_01245,1243,28,6,9668.3,24565.21,0.26
CUST_01246,1417,38,3,9938.89,289703.4,0.92
CUST_01247,396,3,3,9653.97,421729.29,0.68
CUST_01248,864,11,7,9950.13,333249.58,0.29
CUST_01249,432,34,1,18590.59,378706.5,0.65
CUST_01250,822,25,3,11756.1,87814.72,0.4
CUST_01251,353,10,6,13881.96,310171.71,0.7
CUST_01252,781,14,0,3275.9,425917.05,0.24
CUST_01253,1485,18,2,12671.65,490729.29,0.19
CUST_01254,1275,29,2,16870.36,332547.47,0.51
CUST_01255,265,10,1,16422.38,128577.45,0.43
CUST_01256,1180,6,3,20723.64,281765.06,0.79
CUST_01257,738,33,5,2831.66,268197.01,0.18
CUST_01258,116,9,7,9919.04,475899.5,0.39
CUST_01259,1334,20,1,7556.72,336354.22,0.73
CUST_01260,1331,34,5,19638.21,221884.77,0.54
CUST_01261,851,38,7,12746.65,7743.31,0.43
CUST_01262,302,15,3,22249.46,242441.14,0.76
CUST_01263,473,29,0,5103.25,281412.11,0.38
CUST_01264,144,5,1,12884.87,273329.09,0.42
CUST_01265,998,8,1,23783.39,204941.08,0.52
CUST_01266,206,25,0,24479.31,193797.7,0.34
CUST_01267,1028,26,5,3404.94,207802.59,0.79
CUST_01268,1045,30,3,2898.92,336337.86,0.67
CUST_01269,1133,23,3,21744.62,207651.63,0.73
CUST_01270,1048,29,7,4630.76,6047.1,0.23
CUST_01271,603,39,1,24219.95,270735.79,0.51
CUST_01272,1428,13,6,1903.01,233397.06,0.32
CUST_01273,1146,13,6,6645.78,400600.54,0.67
CUST_01274,1329,15,0,22923.59,308110.26,0.27
CUST_01275,1323,32,7,5470.91,20669.37,0.77
CUST_01276,269,31,4,1626.32,54016.61,0.26
CUST_01277,128,25,2,22333.85,366705.85,0.56
CUST_01278,1172,39,4,14254.33,44982.98,0.47
CUST_01279,366,27,0,24768.88,139667.67,0.55
CUST_01280,1415,8,6,11177.24,274841.15,0.82
CUST_01281,1198,20,7,16610.3,261832.02,0.12
CUST_01282,890,38,4,23535.05,24842.9,0.42
CUST_01283,942,12,6,3402.71,156192.49,0.9
CUST_01284,1156,32,0,19119.78,253052.66,0.99
CUST_01285,259,35,1,14792.68,52349.64,0.76
CUST_01286,125,16,7,12474.54,91256.39,0.76
CUST_01287,873,10,7,2165.67,309315.46,0.7
CUST_01288,1367,23,0,3415.6,265237.27,0.34
CUST_01289,817,8,2,1102.42,298043.14,0.59
CUST_01290,1157,11,5,10945.4,144794.1,0.64
CUST_01291,142,7,1,1111.56,250085.75,0.64
CUST_01292,1048,25,4,1314.73,174296.95,0.34
CUST_01293,856,30,0,6920.77,405921.5,0.15
CUST_01294,344,27,2,23680.98,363425.45,0.3
CUST_01295,867,11,5,24232.93,357265.02,0.93
CUST_01296,901,37,0,13345.99,64309.54,0.63
CUST_01297,528,18,4,10323.56,485248.84,0.2
CUST_01298,973,18,3,20967.22,82674.16,0.35
CUST_01299,907,10,6,6183.77,194948.7,0.5
CUST_01300,566,24,6,3887.06,262633.15,0.97
CUST_01301,996,7,0,12018.99,5974.65,0.18
CUST_01302,1273,4,3,22903.93,427403.2,0.71
CUST_01303,1133,39,7,21890.5,16198.45,0.18
CUST_01304,938,29,7,18756.73,105499.42,0.58
CUST_01305,225,34,6,5531.41,396477.34,0.27
CUST_01306,1458,13,4,912.99,417786.79,0.43
CUST_01307,991,13,4,6045.32,58637.43,0.39
CUST_01308,644,26,6,21738.78,250341.93,0.16
CUST_01309,353,2,2,4955.95,402678.45,0.97
CUST_01310,484,28,5,24487.8,348484.85,0.7
CUST_01311,1063,6,1,11219.04,167718.22,0.57
CUST_01312,1105,20,0,6690.02,13922.14,0.36
CUST_01313,634,17,6,7295.51,440823.76,0.63
CUST_01314,1059,25,1,17516.22,280497.88,0.45
CUST_01315,497,25,1,11473.12,85541.78,0.67
CUST_01316,661,16,5,6985.89,185875.23,0.61
CUST_01317,382,25,2,22841.2,437023.55,0.55
CUST_01318,142,22,5,11926.31,25525.05,0.27
CUST_01319,1437,27,0,4677.21,347864.79,0.65
CUST_01320,732,30,2,3202.3,126747.11,0.93
CUST_01321,206,17,7,13902.06,472287.38,0.29
CUST_01322,1383,34,1,3487.91,268892.71,0.94
CUST_01323,1239,23,2,15254.48,29490.29,0.71
CUST_01324,1178,22,0,10740.75,101237.71,0.38
CUST_01325,995,38,4,12281.3,270872.7,0.84
CUST_01326,745,36,1,2056.43,173482.81,0.77
CUST_01327,1345,7,2,3718.42,333216.85,0.57
CUST_01328,157,24,0,15359.32,128680.4,0.47
CUST_01329,300,2,5,19915.12,247803.93,0.91
CUST_01330,657,11,6,18192.34,95588.2,0.9
CUST_01331,623,7,6,8219.31,89987.42,0.32
CUST_01332,868,34,2,8218.02,68354.26,0.37
CUST_01333,798,34,7,20266.44,194641.18,0.82
CUST_01334,1377,21,7,8500.42,372476.64,0.24
CUST_01335,894,30,5,16265.22,436782.13,0.14
CUST_01336,1261,31,6,15954.45,127347.38,0.6
CUST_01337,350,16,5,6059.73,432337.09,0.38
CUST_01338,1348,37,0,7645.62,341180.7,0.29
CUST_01339,939,10,2,10556.96,142490.46,0.36
CUST_01340,1424,32,1,9164.06,305411.63,0.44
CUST_01341,405,17,5,18711.32,190099.0,0.37
CUST_01342,614,34,5,6898.98,123025.68,0.3
CUST_01343,134,4,0,11135.09,109918.33,0.22
CUST_01344,675,39,0,2506.7,219452.96,0.31
CUST_01345,926,5,7,22204.97,444538.69,0.77
CUST_01346,759,17,7,19728.61,9626.73,0.59
CUST_01347,268,2,5,11652.93,112577.67,0.94
CUST_01348,66,24,7,14210.16,471943.29,0.1
CUST_01349,1229,24,1,4525.82,57508.48,0.61
CUST_01350,423,39,4,24865.74,339906.68,0.17
CUST_01351,470,15,2,18205.8,57977.71,0.57
CUST_01352,597,23,6,335.28,225342.09,0.85
CUST_01353,1062,34,6,7385.11,140947.08,0.24
CUST_01354,1340,6,4,24321.31,272470.95,0.6
CUST_01355,786,36,3,22068.05,164799.29,0.2
CUST_01356,475,28,3,1531.66,302098.7,0.83
CUST_01357,1154,38,1,11499.38,494650.69,0.15
CUST_01358,306,18,0,12727.4,158651.98,0.76
CUST_01359,134,10,6,23548.0,431078.29,0.61
CUST_01360,1319,39,4,7796.55,199840.9,0.39
CUST_01361,569,16,6,24051.8,157109.47,0.19
CUST_01362,1021,34,4,11769.45,217192.22,0.82
CUST_01363,549,9,1,8542.49,158917.92,0.8
CUST_01364,1073,30,6,20246.15,254833.29,0.15
CUST_01365,919,36,5,21529.72,355182.74,0.53
CUST_01366,72,10,1,19324.65,374102.56,0.31
CUST_01367,1159,30,1,3373.52,481135.74,0.36
CUST_01368,82,13,6,8282.9,467644.13,0.43
CUST_01369,1219,19,6,15592.3,80538.05,0.97
CUST_01370,207,21,1,3292.54,43618.83,0.92
CUST_01371,788,31,1,11386.63,299906.51,0.16
CUST_01372,1412,26,6,22737.73,390864.03,0.12
CUST_01373,1467,29,2,24804.25,314944.27,0.43
CUST_01374,560,22,0,20419.76,117727.49,0.28
CUST_01375,173,13,0,4061.57,132723.78,0.48
CUST_01376,445,31,4,8703.51,428106.67,0.49
CUST_01377,1149,2,5,12295.08,352383.6,0.13
CUST_01378,359,1,0,8245.65,233278.0,0.95
CUST_01379,425,11,5,9148.01,75550.29,0.56
CUST_01380,1327,3,4,20922.02,378187.3,0.54
CUST_01381,1157,31,1,390.31,160709.72,0.48
CUST_01382,1189,19,7,16191.23,131992.63,0.15
CUST_01383,942,17,3,20088.75,189212.22,0.91
CUST_01384,1192,12,4,23197.0,324579.0,0.44
CUST_01385,713,8,3,15499.09,206561.33,0.94
CUST_01386,465,27,4,14277.45,308160.76,0.14
CUST_01387,1129,9,3,7260.25,361269.59,0.88
CUST_01388,855,13,6,3480.23,473864.21,0.53
CUST_01389,607,28,4,12599.33,155706.98,0.83
CUST_01390,922,33,5,416.4,37122.31,0.36
CUST_01391,1499,24,5,5948.17,441365.06,0.12
CUST_01392,1277,2,0,22736.62,47460.47,0.52
CUST_01393,1387,20,7,13656.91,338973.04,0.73
CUST_01394,984,33,5,23347.02,435465.06,0.48
CUST_01395,635,23,5,9245.89,330574.39,0.52
CUST_01396,278,38,5,13801.39,218587.44,0.77
CUST_01397,1141,25,3,1258.68,97870.26,0.58
CUST_01398,587,8,0,8344.84,236815.35,0.89
CUST_01399,301,25,7,9413.99,427454.89,0.82
CUST_01400,1184,1,5,2359.46,464325.37,0.62
CUST_01401,39,18,2,8836.82,311132.15,0.13
CUST_01402,162,27,2,19239.18,175970.7,0.44
CUST_01403,898,35,6,2801.52,338270.42,0.32
CUST_01404,70,9,1,7207.94,96569.14,0.55
CUST_01405,38,21,7,22592.79,37579.6,0.9
CUST_01406,1455,17,5,24001.93,396538.58,0.64
CUST_01407,1353,15,2,24612.75,192357.08,0.24
CUST_01408,177,10,3,16012.5,227653.0,0.88
CUST_01409,258,18,5,21615.21,133744.67,0.63
CUST_01410,155,11,7,23339.45,40085.2,0.72
CUST_01411,1067,32,0,5368.12,244054.19,0.89
CUST_01412,176,5,0,12249.78,245734.1,0.21
CUST_01413,43,33,1,14031.03,202584.17,0.51
CUST_01414,972,15,1,17024.22,389479.42,0.22
CUST_01415,101,15,2,12589.88,78266.5,0.26
CUST_01416,609,8,3,24332.15,111503.99,0.83
CUST_01417,604,4,7,16043.89,278797.92,0.76
CUST_01418,748,23,7,11663.58,149541.7,0.13
CUST_01419,216,24,2,7290.12,19950.01,1.0
CUST_01420,1081,9,3,11472.16,22541.98,0.38
CUST_01421,1018,37,5,1378.42,119079.93,0.9
CUST_01422,1003,12,4,23987.9,307087.52,0.34
CUST_01423,1111,31,6,16703.29,264495.68,0.97
CUST_01424,578,28,5,22981.64,204612.19,0.27
CUST_01425,361,37,7,20168.05,33849.09,0.72
CUST_01426,476,28,6,19390.15,246442.04,0.81
CUST_01427,702,26,5,2040.38,139793.68,0.39
CUST_01428,783,18,6,11683.46,335980.91,0.25
CUST_01429,1287,32,5,22968.64,99526.96,0.99
CUST_01430,727,9,4,23660.68,67154.46,0.8
CUST_01431,1216,34,7,15764.62,445709.2,0.56
CUST_01432,829,21,0,19318.35,52875.73,0.97
CUST_01433,620,34,7,20622.18,259643.64,0.52
CUST_01434,497,9,4,18328.26,206055.52,0.67
CUST_01435,1362,9,7,21535.77,229668.4,0.34
CUST_01436,42,24,4,20500.91,173786.75,0.83
CUST_01437,567,19,7,24058.64,326648.41,0.51
CUST_01438,954,36,1,6070.53,205370.9,0.8
CUST_01439,359,29,3,12106.59,236211.88,0.26
CUST_01440,739,25,0,15245.26,280385.38,0.54
CUST_01441,1293,1,4,20374.5,271338.4,0.22
CUST_01442,579,15,7,23698.48,185139.85,0.22
CUST_01443,1387,10,5,22902.56,147380.96,0.54
CUST_01444,240,31,6,9764.16,397536.78,0.51
CUST_01445,1162,23,7,12875.1,74579.5,0.65
CUST_01446,854,11,4,2798.75,6654.96,0.59
CUST_01447,1066,15,5,3549.66,151836.07,0.91
CUST_01448,102,24,4,13795.84,285168.78,0.41
CUST_01449,153,16,0,7331.79,443916.56,0.43
CUST_01450,811,3,5,16648.97,217590.39,0.84
CUST_01451,655,7,3,17476.64,412903.7,0.15
CUST_01452,236,39,6,4323.7,406394.42,0.87
CUST_01453,335,1,2,23256.37,314582.99,0.46
CUST_01454,652,17,3,24580.59,462563.5,0.81
CUST_01455,414,11,5,16847.85,1200.37,0.83
CUST_01456,888,22,4,9840.04,242944.51,0.42
CUST_01457,833,5,1,3345.11,74578.85,0.13
CUST_01458,878,10,1,7745.97,48183.62,0.78
CUST_01459,54,33,5,1623.34,71109.01,0.66
CUST_01460,1486,30,0,23213.56,474964.77,0.6
CUST_01461,931,12,4,2921.41,246897.89,0.24
CUST_01462,345,3,0,8921.59,483146.64,0.82
CUST_01463,1419,17,3,7085.21,443988.01,0.14
CUST_01464,672,20,1,17933.35,240529.24,0.46
CUST_01465,1223,37,5,13306.9,152337.23,0.43
CUST_01466,666,38,7,24323.88,303806.46,0.21
CUST_01467,742,24,7,6376.19,266511.33,0.53
CUST_01468,568,15,5,18647.93,331133.94,0.31
CUST_01469,1468,12,5,5616.52,430950.85,0.95
CUST_01470,1133,21,1,1529.59,134981.54,0.69
CUST_01471,141,31,2,12874.32,415018.15,0.41
CUST_01472,1384,17,4,6914.03,228020.44,0.52
CUST_01473,843,27,4,1342.35,248651.27,0.59
CUST_01474,176,26,0,24627.75,472941.58,0.28
CUST_01475,1481,28,0,13653.09,424950.49,0.53
CUST_01476,490,38,4,13012.34,53744.6,0.72
CUST_01477,667,8,2,15223.1,61359.37,0.17
CUST_01478,1041,3,5,6499.38,342033.81,0.72
CUST_01479,602,22,1,14160.41,344030.99,0.39
CUST_01480,1133,33,5,897.89,174952.63,0.75
CUST_01481,717,31,4,20313.4,268752.52,0.35
CUST_01482,152,16,2,754.01,345129.62,0.37
CUST_01483,52,17,6,11885.29,252707.95,0.63
CUST_01484,855,36,2,8518.53,36518.94,0.18
CUST_01485,586,4,6,6577.44,412742.3,0.54
CUST_01486,1120,18,2,4790.67,43869.28,0.74
CUST_01487,1121,15,4,9942.3,208471.63,0.52
CUST_01488,814,4,6,18435.43,28499.71,0.9
CUST_01489,158,23,1,11664.53,97530.17,0.29
CUST_01490,1120,1,2,5504.45,114539.4,0.35
CUST_01491,417,29,1,11432.44,377051.46,0.96
CUST_01492,882,3,6,19086.98,84937.34,0.85
CUST_01493,1335,31,4,11097.56,134668.92,0.64
CUST_01494,480,29,6,10296.24,113378.34,0.33
CUST_01495,920,22,5,9396.9,187348.85,0.45
CUST_01496,1360,12,6,15469.97,167737.37,0.84
CUST_01497,109,6,6,795.14,291701.89,0.73
CUST_01498,103,10,7,13741.32,4996.06,0.19
CUST_01499,1465,34,0,2302.17,358510.04,0.32
CUST_01500,277,34,0,24047.01,300039.48,0.83
CUST_01501,499,24,6,17426.53,85959.32,0.34
CUST_01502,338,32,7,2092.6,425308.54,0.29
CUST_01503,161,8,6,20872.47,63419.37,0.22
CUST_01504,926,34,1,10550.44,164144.11,0.65
CUST_01505,557,33,7,24888.45,12261.72,0.2
CUST_01506,1115,23,1,8641.66,275084.98,0.77
CUST_01507,1168,9,2,18112.63,329236.6,0.96
CUST_01508,416,14,4,18167.85,137746.75,0.86
CUST_01509,668,2,6,9788.77,418131.81,0.23
CUST_01510,114,33,7,19789.3,176136.84,0.46
CUST_01511,502,9,0,21909.96,386119.69,0.48
CUST_01512,558,29,5,19554.43,127040.42,0.85
CUST_01513,336,3,6,14445.27,250789.86,0.87
CUST_01514,450,17,6,11405.09,95127.49,0.56
CUST_01515,1015,22,7,20591.93,15256.89,0.67
CUST_01516,1084,7,0,12657.54,447155.67,0.93
CUST_01517,195,32,0,18408.88,47935.85,0.96
CUST_01518,1063,14,0,7661.57,206636.19,0.3
CUST_01519,456,28,4,22941.08,353042.83,0.7
CUST_01520,1318,21,5,16997.01,353124.01,0.54
CUST_01521,1176,8,7,15326.25,222731.75,0.95
CUST_01522,718,5,2,3203.66,495121.04,0.29
CUST_01523,1078,3,1,18450.81,152983.11,0.26
CUST_01524,652,31,0,8208.47,335456.73,0.27
CUST_01525,1091,16,6,20201.95,301653.17,0.37
CUST_01526,579,25,7,11980.12,20500.26,0.67
CUST_01527,374,12,0,4980.41,338518.3,0.18
CUST_01528,62,3,2,12981.83,325652.66,0.9
CUST_01529,1082,18,1,18841.52,244813.86,0.64
CUST_01530,96,34,5,20995.47,441508.07,0.93
CUST_01531,1191,23,2,11415.6,167012.4,0.49
CUST_01532,627,37,4,17321.84,257770.99,0.28
CUST_01533,287,9,3,19541.43,11006.3,0.9
CUST_01534,1112,13,7,20256.07,95736.48,0.2
CUST_01535,70,31,4,16164.27,20142.42,0.66
CUST_01536,1134,5,4,8119.97,335939.56,0.13
CUST_01537,295,21,1,21812.9,171824.71,0.79
CUST_01538,239,8,2,13085.46,289360.66,0.77
CUST_01539,1130,29,4,6892.41,464823.35,0.26
CUST_01540,1068,36,2,12215.86,47735.07,0.79
CUST_01541,526,11,2,15634.22,359776.39,0.61
CUST_01542,1020,28,0,6639.54,296899.39,0.94
CUST_01543,1217,26,7,6836.84,355921.65,0.19
CUST_01544,811,14,2,17462.24,398097.58,0.41
CUST_01545,636,4,5,21067.39,17679.84,0.43
CUST_01546,194,10,7,3871.12,347933.94,0.23
CUST_01547,1359,13,2,10362.34,89527.33,0.2
CUST_01548,581,29,1,1653.24,211355.57,0.74
CUST_01549,1190,8,5,20310.46,44699.71,0.67
CUST_01550,432,21,1,16732.24,40270.59,0.64
CUST_01551,1015,37,7,20204.69,494878.56,0.44
CUST_01552,913,2,0,18618.45,152017.53,0.7
CUST_01553,1217,12,0,3466.25,213252.89,0.32
CUST_01554,474,22,0,15185.95,280178.15,0.11
CUST_01555,840,8,4,17919.05,330052.2,0.66
CUST_01556,528,32,5,2842.77,359792.39,0.55
CUST_01557,862,29,5,7674.13,461947.82,0.31
CUST_01558,1154,10,2,20141.62,448751.95,0.57
CUST_01559,257,2,5,22016.35,7492.1,0.95
CUST_01560,331,23,2,23128.2,13171.11,0.62
CUST_01561,473,19,4,23879.61,302187.04,0.94
CUST_01562,99,35,3,21438.83,340777.69,0.27
CUST_01563,53,33,7,11510.55,335599.71,0.39
CUST_01564,1401,5,4,21407.85,129219.2,0.12
CUST_01565,1455,39,0,10958.25,115729.27,0.56
CUST_01566,964,2,0,22676.82,283836.25,0.42
CUST_01567,903,17,1,14051.29,427515.57,0.94
CUST_01568,1174,11,4,9991.84,203202.35,0.21
CUST_01569,531,31,3,21951.04,79984.84,0.51
CUST_01570,349,37,5,9761.81,434680.44,0.61
CUST_01571,927,13,2,17101.87,421386.04,0.31
CUST_01572,420,16,1,22845.85,60062.75,0.68
CUST_01573,1113,7,6,7605.1,248331.31,0.48
CUST_01574,520,13,7,5158.21,28610.86,0.28
CUST_01575,829,6,3,4818.5,215597.62,0.99
CUST_01576,655,9,6,21028.44,16965.24,0.95
CUST_01577,1004,3,0,13726.81,327235.18,0.45
CUST_01578,273,4,0,10574.94,373588.81,0.18
CUST_01579,512,24,3,2885.12,411501.32,0.29
CUST_01580,130,18,6,10183.84,76097.25,0.55
CUST_01581,1226,35,3,12418.16,424535.03,0.74
CUST_01582,1216,9,3,14552.4,111352.66,0.34
CUST_01583,734,13,6,24804.68,66045.49,0.82
CUST_01584,332,23,3,20200.18,334922.64,0.76
CUST_01585,676,15,0,357.98,123155.14,0.71
CUST_01586,264,23,4,16196.33,54930.67,0.49
CUST_01587,945,31,7,8105.32,157740.8,0.67
CUST_01588,652,27,4,2647.49,48381.87,0.76
CUST_01589,1049,23,4,8628.89,131991.79,0.21
CUST_01590,474,13,4,9175.67,238204.17,0.43
CUST_01591,1158,10,5,5475.51,73407.68,0.91
CUST_01592,523,30,3,19807.12,332087.53,0.41
CUST_01593,695,19,6,15194.44,29509.23,0.9
CUST_01594,124,16,1,20839.88,76005.0,0.13
CUST_01595,785,7,3,24553.06,449051.15,0.22
CUST_01596,699,29,5,15222.03,467972.0,0.31
CUST_01597,288,30,2,22674.48,258607.66,0.24
CUST_01598,326,9,4,18373.12,354881.17,0.28
CUST_01599,120,29,2,11346.18,155554.88,0.53
CUST_01600,90,13,6,19867.09,419472.28,0.69
CUST_01601,745,22,4,15332.0,280367.83,0.97
CUST_01602,1488,3,7,11546.62,454310.34,0.19
CUST_01603,250,30,1,24779.1,51874.32,0.46
CUST_01604,543,20,4,17429.69,20815.89,0.86
CUST_01605,769,4,0,5764.57,338859.78,0.8
CUST_01606,572,2,5,7018.46,361748.77,0.29
CUST_01607,445,23,2,20093.4,205841.91,0.31
CUST_01608,881,34,4,5922.52,262693.74,0.83
CUST_01609,1274,18,2,21898.04,425650.88,0.8
CUST_01610,952,24,6,24334.22,489887.43,0.34
CUST_01611,537,26,6,18679.93,403090.64,0.34
CUST_01612,920,1,7,11144.32,57285.66,0.74
CUST_01613,30,12,6,9151.55,92415.92,0.68
CUST_01614,1377,22,3,6650.83,474378.39,0.25
CUST_01615,1158,37,7,543.22,119804.52,0.84
CUST_01616,1407,20,1,3508.5,358002.67,0.16
CUST_01617,727,23,0,15355.35,293012.2,0.43
CUST_01618,558,29,0,19508.71,369661.89,0.9
CUST_01619,126,36,7,10569.63,425338.08,0.31
CUST_01620,237,22,4,5989.47,280942.41,0.22
CUST_01621,800,24,4,2351.06,96334.88,0.5
CUST_01622,1015,1,3,24710.07,195036.9,0.14
CUST_01623,484,4,3,24068.83,214529.43,0.28
CUST_01624,847,26,4,12640.57,153302.05,0.98
CUST_01625,307,17,5,8476.1,370411.23,0.38
CUST_01626,438,19,7,19909.17,494680.98,0.71
CUST_01627,353,39,0,7297.42,1121.22,0.21
CUST_01628,1114,26,0,1098.38,260571.28,0.61
CUST_01629,475,38,4,9528.06,341048.85,0.16
CUST_01630,294,4,4,17366.5,202670.07,0.89
CUST_01631,347,10,5,23788.25,12079.2,0.37
CUST_01632,848,25,2,16903.36,99182.63,0.91
CUST_01633,720,32,7,4776.88,356291.97,0.45
CUST_01634,210,16,2,12158.23,246212.22,0.75
CUST_01635,1275,17,6,9270.77,27082.07,0.72
CUST_01636,472,35,4,15597.9,325782.33,0.28
CUST_01637,921,19,6,22770.25,491212.89,0.28
CUST_01638,278,21,7,344.76,112685.22,0.41
CUST_01639,661,12,0,6252.61,468126.66,0.57
CUST_01640,1369,10,6,3639.02,347903.03,0.21
CUST_01641,915,26,0,8122.1,338974.68,0.36
CUST_01642,509,24,7,5024.84,204295.23,0.94
CUST_01643,770,13,1,19344.65,218180.13,0.95
CUST_01644,295,25,1,20327.45,490512.17,0.93
CUST_01645,1065,29,3,9672.7,253768.45,0.61
CUST_01646,327,12,4,23239.62,402348.05,0.25
CUST_01647,768,35,6,14666.79,487749.81,0.79
CUST_01648,748,6,3,8037.92,263852.88,0.39
CUST_01649,1362,32,7,17657.64,396559.0,0.67
CUST_01650,622,18,2,8403.32,330533.03,0.76
CUST_01651,928,15,4,5638.55,295845.09,0.92
CUST_01652,1465,23,3,24469.1,6324.39,0.66
CUST_01653,1207,33,7,2853.44,91150.69,0.22
CUST_01654,1426,8,7,2414.31,92545.48,0.78
CUST_01655,240,31,3,644.54,328902.3,0.43
CUST_01656,1235,7,3,20442.55,247882.37,0.22
CUST_01657,897,29,0,18632.36,255358.02,0.48
CUST_01658,382,9,4,4728.62,113655.77,0.12
CUST_01659,675,19,6,14818.55,423801.08,0.5
CUST_01660,284,13,3,11344.86,219040.48,0.81
CUST_01661,66,24,4,19351.68,420878.44,0.66
CUST_01662,166,2,1,12988.49,120891.03,0.21
CUST_01663,691,1,3,4712.13,169536.25,0.48
CUST_01664,711,3,6,24652.29,320338.24,0.87
CUST_01665,1305,3,1,7677.2,433603.58,0.77
CUST_01666,411,27,3,8725.03,272226.28,0.74
CUST_01667,1389,19,4,17695.2,279752.55,0.91
CUST_01668,1451,6,4,3429.8,283581.78,0.46
CUST_01669,1013,4,7,12313.39,231847.02,0.81
CUST_01670,276,27,7,606.91,440025.41,0.14
CUST_01671,613,6,3,11856.13,323663.95,0.85
CUST_01672,285,9,1,19135.51,416855.43,0.41
CUST_01673,600,29,5,4215.84,406533.83,0.22
CUST_01674,450,16,5,13072.89,382041.63,0.5
CUST_01675,427,28,0,11386.14,32365.89,0.53
CUST_01676,748,31,5,13591.99,234940.66,0.36
CUST_01677,949,11,2,14514.88,212295.96,0.56
CUST_01678,681,24,2,20792.82,281626.81,0.7
CUST_01679,1130,28,7,14997.64,46007.65,0.65
CUST_01680,1072,6,7,18732.48,88624.47,0.16
CUST_01681,1048,36,5,7103.81,403798.29,0.43
CUST_01682,772,26,5,20862.72,425538.47,0.48
CUST_01683,521,18,6,9685.01,224794.13,0.98
CUST_01684,760,35,6,3597.83,24930.91,0.8
CUST_01685,160,16,0,9643.37,237113.15,0.67
CUST_01686,664,26,6,19647.93,134901.56,0.73
CUST_01687,237,13,7,3519.0,100342.07,0.63
CUST_01688,965,8,0,12580.9,210549.4,0.27
CUST_01689,236,36,7,6970.44,104211.72,0.69
CUST_01690,1097,25,1,17320.99,282971.07,0.87
CUST_01691,621,14,0,7178.09,448339.96,0.67
CUST_01692,469,13,0,3797.8,321773.86,0.44
CUST_01693,1061,33,7,18649.6,343115.93,0.78
CUST_01694,274,14,2,6540.78,218951.81,0.57
CUST_01695,1443,16,2,2660.69,12252.06,0.15
CUST_01696,261,20,4,18115.07,338876.08,0.57
CUST_01697,570,39,6,374.62,124718.29,0.94
CUST_01698,554,15,3,1178.88,69230.97,0.79
CUST_01699,1217,14,1,20314.49,68384.03,0.52
CUST_01700,184,29,5,7402.49,167210.48,0.48
CUST_01701,288,33,6,10784.97,155352.79,0.35
CUST_01702,762,10,5,17364.08,393697.36,0.2
CUST_01703,1178,22,7,23096.37,442153.57,0.51
CUST_01704,1092,7,1,8187.13,126849.0,0.96
CUST_01705,945,18,2,9104.97,82225.27,0.54
CUST_01706,675,21,4,2962.47,244303.22,0.73
CUST_01707,562,27,3,17097.14,317943.34,0.92
CUST_01708,584,35,0,19747.52,271126.36,0.39
CUST_01709,625,14,3,18432.48,331184.96,0.84
CUST_01710,1141,38,5,16581.14,199629.37,0.56
CUST_01711,948,15,5,9886.6,48749.37,0.92
CUST_01712,1067,21,6,24822.92,281943.46,0.42
CUST_01713,122,4,2,16704.57,210274.53,0.97
CUST_01714,1313,7,4,22527.77,224632.28,0.35
CUST_01715,1019,16,0,7385.61,135021.22,0.87
CUST_01716,1352,21,5,8421.4,330004.74,0.36
CUST_01717,623,28,1,19280.0,442622.65,0.3
CUST_01718,1364,17,6,21877.31,381636.73,0.56
CUST_01719,1465,3,2,535.61,202042.13,0.92
CUST_01720,1246,11,4,8889.92,260739.75,0.69
CUST_01721,1468,26,4,18894.38,411811.06,0.89
CUST_01722,428,25,7,2264.14,244531.07,0.24
CUST_01723,670,23,4,14419.42,451535.45,0.46
CUST_01724,439,38,3,2713.37,8484.25,0.24
CUST_01725,1160,1,3,14684.23,493047.67,0.67
CUST_01726,1018,34,7,8832.89,130545.7,0.49
CUST_01727,446,22,4,13700.93,489243.75,0.83
CUST_01728,1447,3,2,12770.41,443666.15,0.42
CUST_01729,1277,24,4,7103.53,133252.42,0.58
CUST_01730,322,34,7,23202.0,294704.46,0.47
CUST_01731,73,21,2,10495.13,114661.39,0.63
CUST_01732,282,34,0,12130.57,448600.05,0.46
CUST_01733,735,10,4,11012.98,206634.71,0.13
CUST_01734,551,8,5,622.99,86678.72,0.69
CUST_01735,55,18,5,3657.54,249327.13,0.29
CUST_01736,1209,7,6,3965.52,200021.86,0.91
CUST_01737,936,13,4,22077.36,197935.38,0.72
CUST_01738,1011,19,3,7942.98,303494.92,0.57
CUST_01739,1183,33,3,598.13,259949.74,0.65
CUST_01740,741,3,6,11937.96,287127.41,0.94
CUST_01741,1053,10,5,19674.88,324425.22,0.77
CUST_01742,733,13,2,12729.51,34830.4,0.75
CUST_01743,89,34,3,18015.32,416632.89,0.77
CUST_01744,1028,19,7,13278.17,346061.27,0.9
CUST_01745,878,25,3,17163.36,350678.58,0.75
CUST_01746,713,30,3,18193.23,202501.69,0.29
CUST_01747,1241,24,1,10789.57,77327.97,0.83
CUST_01748,870,8,7,24557.31,196155.03,0.17
CUST_01749,754,8,4,7402.57,80999.92,0.35
CUST_01750,1168,15,1,1060.15,309113.91,0.78
CUST_01751,790,5,2,2795.4,305244.39,0.28
CUST_01752,313,17,5,23958.53,427454.11,0.31
CUST_01753,1357,25,5,18495.3,57668.71,0.83
CUST_01754,951,31,0,14882.41,35988.9,0.12
CUST_01755,934,21,5,4502.77,128105.53,0.34
CUST_01756,733,22,3,23709.0,64058.7,0.98
CUST_01757,261,9,5,19358.24,176270.67,0.83
CUST_01758,570,26,4,14291.16,236406.4,0.55
CUST_01759,338,35,6,3105.61,171421.51,0.97
CUST_01760,791,32,5,18000.81,219203.54,0.46
CUST_01761,1263,2,3,3425.67,238833.61,0.79
CUST_01762,644,6,3,24802.79,343638.56,0.86
CUST_01763,1087,14,4,3335.91,102332.23,0.46
CUST_01764,1131,27,5,15621.13,147852.59,0.18
CUST_01765,1213,36,6,11652.11,119169.65,0.66
CUST_01766,245,6,7,2087.01,439386.84,0.37
CUST_01767,74,11,7,13495.9,421123.41,0.63
CUST_01768,56,12,7,504.15,390200.27,0.7
CUST_01769,274,13,4,1514.22,287176.29,0.87
CUST_01770,566,30,4,2341.88,63958.63,0.27
CUST_01771,150,18,5,16419.55,31588.1,0.57
CUST_01772,1318,13,6,23030.73,220941.86,1.0
CUST_01773,774,37,2,11519.43,120144.18,0.85
CUST_01774,626,11,5,10624.58,283213.18,0.68
CUST_01775,540,23,1,3609.18,336084.39,0.1
CUST_01776,600,11,1,4099.5,396924.85,0.92
CUST_01777,363,31,4,14752.51,222014.13,0.13
CUST_01778,585,15,7,17335.63,362710.56,0.73
CUST_01779,853,15,3,4862.43,198344.53,0.26
CUST_01780,260,32,3,15084.54,251918.69,0.15
CUST_01781,50,33,6,23600.93,183176.75,0.92
CUST_01782,1487,4,3,15285.97,313765.12,0.67
CUST_01783,582,8,3,3949.33,214633.56,0.28
CUST_01784,775,14,5,782.21,415514.11,0.23
CUST_01785,1294,32,3,18454.08,56131.33,0.88
CUST_01786,1325,37,0,12706.19,361023.1,0.11
CUST_01787,1014,14,5,3349.55,490045.92,0.45
CUST_01788,1279,36,6,2950.34,103818.23,0.23
CUST_01789,549,8,4,9914.88,157371.33,0.52
CUST_01790,1075,35,5,20310.1,133813.03,0.29
CUST_01791,535,5,6,14550.89,137997.75,0.84
CUST_01792,1316,24,1,19404.81,437685.38,0.12
CUST_01793,477,22,4,15347.13,426733.32,0.34
CUST_01794,1254,31,2,16467.78,477092.86,0.8
CUST_01795,179,21,0,1948.73,59106.32,0.64
CUST_01796,561,1,5,4455.3,347228.85,0.68
CUST_01797,1445,13,6,8520.61,377681.39,0.68
CUST_01798,40,16,1,15414.03,187386.31,0.73
CUST_01799,1426,32,1,14816.05,126838.81,0.28
CUST_01800,813,4,6,2685.74,475930.99,0.81
CUST_01801,1111,13,3,1468.92,21572.68,0.33
CUST_01802,1070,15,1,13443.68,201752.46,0.25
CUST_01803,190,5,6,7380.52,184111.96,0.18
CUST_01804,298,33,0,2525.81,385470.25,0.66
CUST_01805,436,30,5,17192.17,397604.08,0.2
CUST_01806,1008,4,3,13085.68,191597.05,0.61
CUST_01807,1316,38,5,3389.43,21708.15,0.35
CUST_01808,560,26,5,20881.88,227681.09,0.75
CUST_01809,1134,16,5,17649.71,317411.88,0.99
CUST_01810,819,30,7,10793.32,209109.55,0.7
CUST_01811,505,26,4,23842.18,258851.29,0.84
CUST_01812,684,14,7,23779.67,429706.05,0.31
CUST_01813,836,23,2,23622.47,406094.74,0.77
CUST_01814,1413,16,7,11768.99,127445.66,0.55
CUST_01815,319,9,6,6875.97,257748.94,0.2
CUST_01816,319,24,6,19669.42,381879.31,0.75
CUST_01817,1411,13,6,11905.18,166065.7,0.78
CUST_01818,1002,5,0,21394.2,401427.45,0.14
CUST_01819,153,24,7,2054.31,244450.43,0.73
CUST_01820,1110,21,0,2430.35,468346.24,0.44
CUST_01821,1404,6,3,8310.55,358366.1,0.22
CUST_01822,430,2,7,20052.06,216967.98,0.54
CUST_01823,644,29,3,6200.95,21868.99,0.66
CUST_01824,329,24,5,24653.99,468944.52,0.88
CUST_01825,507,2,4,16538.87,447638.29,0.45
CUST_01826,1191,13,2,14749.32,344941.56,0.95
CUST_01827,97,17,0,18729.44,260886.98,0.34
CUST_01828,1207,28,0,12034.45,396855.74,0.42
CUST_01829,903,10,1,24052.52,256222.3,0.76
CUST_01830,636,3,7,12851.65,32422.73,0.85
CUST_01831,967,39,0,12579.7,68258.11,0.55
CUST_01832,588,11,4,15242.27,330085.54,0.46
CUST_01833,431,9,5,23352.77,167422.66,0.3
CUST_01834,1095,35,4,21392.53,86924.94,0.34
CUST_01835,1077,36,6,1087.55,38973.89,0.35
CUST_01836,940,3,4,20009.2,282000.17,0.11
CUST_01837,1468,1,0,4432.34,91416.04,0.7
CUST_01838,149,9,5,18293.23,1026.36,0.96
CUST_01839,76,25,7,11904.04,277743.85,0.86
CUST_01840,277,6,2,18547.82,479998.43,0.71
CUST_01841,380,33,1,21958.01,63901.66,0.89
CUST_01842,1422,14,2,2179.29,251058.73,0.72
CUST_01843,979,19,2,22750.27,471053.73,0.16
CUST_01844,317,35,2,15033.95,159757.94,0.51
CUST_01845,979,6,7,3449.24,47422.16,0.63
CUST_01846,853,33,4,20621.59,226252.43,0.55
CUST_01847,1309,11,5,9783.54,368671.6,0.53
CUST_01848,185,3,3,5821.14,28780.73,0.82
CUST_01849,936,6,3,8664.49,64113.65,0.47
CUST_01850,64,13,5,12983.4,70440.85,0.31
CUST_01851,1163,31,3,6934.4,267658.4,0.85
CUST_01852,140,23,6,7812.63,385636.45,0.39
CUST_01853,389,20,5,3503.74,227423.13,0.56
CUST_01854,149,3,1,20324.8,23330.97,0.37
CUST_01855,1373,5,4,8158.63,110589.9,0.71
CUST_01856,45,7,6,9713.18,360015.65,0.4
CUST_01857,1301,36,7,7163.31,498339.63,0.9
CUST_01858,386,36,5,18121.34,44975.16,0.86
CUST_01859,1057,36,4,20561.24,202650.81,0.3
CUST_01860,1308,13,5,13596.66,282971.82,0.95
CUST_01861,355,5,4,20095.0,471770.63,0.19
CUST_01862,1212,36,0,6688.65,170986.88,0.16
CUST_01863,311,32,7,12490.21,440453.56,0.46
CUST_01864,1346,4,7,8941.58,354453.7,0.43
CUST_01865,264,24,4,20183.94,185574.42,0.68
CUST_01866,1144,27,3,22151.47,308495.9,0.49
CUST_01867,622,27,5,24441.02,421949.89,0.26
CUST_01868,236,38,7,17483.24,383126.36,0.5
CUST_01869,214,29,7,9415.69,361326.63,0.26
CUST_01870,1123,6,1,11685.95,337326.68,0.59
CUST_01871,533,25,0,9757.86,126328.04,0.64
CUST_01872,86,32,0,16384.58,428286.28,0.2
CUST_01873,1310,26,7,7601.38,352975.98,0.56
CUST_01874,791,22,7,17263.16,260521.26,0.85
CUST_01875,793,38,4,2014.06,401536.9,0.83
CUST_01876,125,32,1,11246.55,316715.32,0.88
CUST_01877,549,13,3,12477.82,282499.34,0.69
CUST_01878,778,27,1,7660.1,6923.8,0.37
CUST_01879,1015,39,0,1461.86,439676.0,0.83
CUST_01880,996,10,1,2041.47,290439.21,0.75
CUST_01881,1267,27,7,7373.24,382357.87,0.59
CUST_01882,692,4,7,857.47,343776.78,0.36
CUST_01883,110,28,6,8009.57,7284.92,0.19
CUST_01884,1362,21,3,15036.77,44344.59,0.73
CUST_01885,1031,20,0,7841.55,448389.19,0.68
CUST_01886,635,2,7,13332.32,259213.04,0.93
CUST_01887,924,7,1,9568.59,492112.5,0.13
CUST_01888,1037,21,3,10980.19,414504.9,0.84
CUST_01889,1110,39,2,16642.83,499748.68,0.34
CUST_01890,333,22,4,4366.29,75187.61,0.51
CUST_01891,732,6,1,6166.65,190570.36,0.53
CUST_01892,783,32,1,8282.89,160029.93,0.5
CUST_01893,45,22,5,4966.57,429857.86,0.33
CUST_01894,1074,25,6,7830.52,495097.72,0.17
CUST_01895,577,26,4,18470.37,244021.0,0.83
CUST_01896,656,9,5,18122.94,141916.16,0.85
CUST_01897,1026,16,5,17340.43,442114.89,0.29
CUST_01898,1442,38,2,24477.74,440245.63,0.35
CUST_01899,505,3,7,15470.34,402355.84,0.91
CUST_01900,1252,23,6,10985.25,252128.69,0.67
CUST_01901,1292,20,7,8907.41,90410.66,0.68
CUST_01902,836,5,0,5481.45,37980.27,0.52
CUST_01903,623,37,2,23778.2,490226.77,0.59
CUST_01904,107,38,6,15342.28,144817.77,0.24
CUST_01905,1130,31,2,3805.75,153056.68,0.84
CUST_01906,551,11,3,16165.03,138766.96,0.3
CUST_01907,588,13,3,23495.98,336200.68,0.17
CUST_01908,1257,28,4,24479.56,87022.84,0.42
CUST_01909,1111,34,6,23355.31,182203.16,0.86
CUST_01910,616,33,2,15965.8,387464.23,0.13
CUST_01911,1008,3,4,5496.55,145856.96,0.81
CUST_01912,1244,18,3,10031.49,208779.69,0.51
CUST_01913,560,12,7,3157.18,473185.98,0.76
CUST_01914,1119,30,5,6437.17,321623.39,0.35
CUST_01915,1394,5,1,22078.55,419509.92,0.62
CUST_01916,777,12,4,564.09,220166.04,0.86
CUST_01917,1324,1,2,10233.26,52094.84,0.16
CUST_01918,1325,31,3,9005.17,356795.4,0.24
CUST_01919,768,30,1,5761.74,137856.66,0.59
CUST_01920,56,21,4,10342.22,178455.38,0.81
CUST_01921,709,10,1,5849.12,363704.92,0.74
CUST_01922,1339,23,5,12594.59,172214.64,0.32
CUST_01923,1062,13,3,13143.95,394182.52,0.31
CUST_01924,966,39,4,19416.22,407100.74,0.54
CUST_01925,37,39,1,17582.91,123889.1,0.91
CUST_01926,878,27,0,17747.31,145949.0,0.25
CUST_01927,1433,24,6,11221.26,36680.01,0.45
CUST_01928,928,13,4,14197.23,401680.18,0.48
CUST_01929,1377,17,2,9821.12,79962.13,0.73
CUST_01930,487,15,1,5213.25,468239.93,0.12
CUST_01931,207,19,7,19854.87,97385.72,0.7
CUST_01932,1247,2,3,16904.89,391415.51,0.58
CUST_01933,82,7,4,13439.31,256137.71,0.96
CUST_01934,146,10,6,23068.19,187315.9,0.91
CUST_01935,1074,39,1,10188.78,435327.56,0.42
CUST_01936,526,24,5,18691.71,24711.36,0.3
CUST_01937,483,22,4,17542.44,194588.13,0.24
CUST_01938,1429,21,3,3777.22,257106.05,0.63
CUST_01939,1450,20,1,892.19,157199.65,0.84
CUST_01940,1007,13,2,10492.95,128965.56,0.11
CUST_01941,576,24,0,11134.79,197283.07,0.86
CUST_01942,32,21,1,22535.8,261967.78,0.2
CUST_01943,524,1,7,19584.1,108287.38,0.74
CUST_01944,1050,11,2,12703.4,482953.55,0.95
CUST_01945,602,10,7,3780.33,109734.33,0.68
CUST_01946,898,13,1,730.53,367213.79,0.17
CUST_01947,329,25,2,19321.2,231701.92,0.74
CUST_01948,407,5,7,8619.43,277794.89,0.62
CUST_01949,897,16,3,3717.95,374332.74,0.52
CUST_01950,304,37,5,15233.93,343496.94,0.12
CUST_01951,796,3,5,530.82,17455.49,0.87
CUST_01952,1389,25,4,16586.66,175231.03,0.7
CUST_01953,1252,13,0,21082.99,324076.01,0.41
CUST_01954,1257,3,3,6413.4,40748.26,0.16
CUST_01955,978,9,0,23154.04,74301.39,0.97
CUST_01956,360,15,1,5599.55,317393.47,0.78
CUST_01957,384,20,6,12077.89,411495.5,0.34
CUST_01958,1468,19,6,13005.78,129127.99,0.13
CUST_01959,457,36,0,1318.88,216393.78,0.15
CUST_01960,1473,20,0,16283.65,17493.05,0.1
CUST_01961,330,9,3,14739.04,20021.0,0.54
CUST_01962,345,20,5,23166.07,323027.47,0.47
CUST_01963,1254,36,0,5240.22,66290.34,0.71
CUST_01964,1255,4,0,7828.88,128987.27,0.63
CUST_01965,1195,36,7,1091.95,42517.71,0.36
CUST_01966,1124,37,6,15021.94,230732.7,0.43
CUST_01967,637,36,6,18122.38,431568.43,0.53
CUST_01968,1169,19,4,22089.52,287859.88,0.46
CUST_01969,927,1,7,10410.82,447810.94,0.25
CUST_01970,641,22,4,669.26,445119.43,0.32
CUST_01971,1085,22,7,24912.33,393837.9,0.47
CUST_01972,1426,12,3,21244.9,184461.36,0.63
CUST_01973,998,28,6,24330.49,28812.03,0.62
CUST_01974,178,15,5,2239.62,280709.14,0.4
CUST_01975,898,6,4,9352.39,280227.85,0.7
CUST_01976,1156,26,5,424.13,214483.9,0.28
CUST_01977,325,13,4,19280.66,103430.7,0.74
CUST_01978,735,38,7,6762.13,248655.5,0.48
CUST_01979,373,11,0,14003.73,212015.36,0.61
CUST_01980,720,22,4,16932.77,445750.05,0.82
CUST_01981,1114,23,7,5248.67,495275.42,0.82
CUST_01982,813,18,7,24232.39,287065.07,0.3
CUST_01983,1217,13,4,10533.42,237311.18,0.47
CUST_01984,791,32,5,22783.71,315630.05,0.62
CUST_01985,820,32,7,22732.28,49379.11,0.65
CUST_01986,563,34,5,23711.57,184199.28,0.92
CUST_01987,1166,32,4,15242.04,307431.28,0.58
CUST_01988,383,35,7,24987.78,417779.42,0.9
CUST_01989,900,33,0,5917.97,2557.7,0.37
CUST_01990,1083,15,1,15611.48,42284.81,0.84
CUST_01991,1333,14,0,16635.05,145386.85,0.33
CUST_01992,63,4,5,12932.48,220634.08,0.56
CUST_01993,1100,26,2,9033.7,398780.4,0.5
CUST_01994,231,11,1,18990.61,333785.79,0.31
CUST_01995,952,18,0,12261.38,275439.51,0.54
CUST_01996,991,28,4,18815.76,68807.19,0.16
CUST_01997,1284,2,6,18827.28,421632.24,0.52
CUST_01998,1011,34,4,23780.11,317492.07,0.42
CUST_01999,377,20,6,11141.05,476630.42,0.65
CUST_02000,716,35,7,7546.72,17675.58,0.83
CUST_02001,71,35,5,12281.28,453148.43,0.85
CUST_02002,847,14,7,11056.0,125872.92,0.72
CUST_02003,1090,32,3,22886.78,375822.47,0.94
CUST_02004,1136,9,5,19144.84,379983.8,0.9
CUST_02005,1355,4,0,8516.62,252101.5,0.11
CUST_02006,50,38,4,24161.59,302450.34,0.77
CUST_02007,1497,39,7,503.11,368304.99,0.24
CUST_02008,745,13,6,16451.36,336444.84,0.1
CUST_02009,823,27,7,8816.24,446930.68,0.36
CUST_02010,37,30,4,13124.9,496619.81,0.11
CUST_02011,357,26,6,11891.46,59184.88,0.43
CUST_02012,336,39,3,24634.62,405146.65,0.51
CUST_02013,305,5,6,13265.87,239087.75,0.5
CUST_02014,1442,34,2,6676.51,19835.91,0.62
CUST_02015,748,8,2,11483.37,122393.27,0.89
CUST_02016,1024,20,1,22383.15,468235.03,0.83
CUST_02017,161,6,5,24578.74,137793.95,0.28
CUST_02018,672,27,6,6703.23,454503.19,0.12
CUST_02019,300,15,7,19243.14,208643.15,0.12
CUST_02020,305,17,1,19005.2,114273.65,0.3
CUST_02021,905,32,3,21221.2,414128.12,0.44
CUST_02022,814,10,6,7774.03,135121.87,0.58
CUST_02023,1381,23,1,24540.97,169540.24,0.73
CUST_02024,977,22,6,13677.41,337919.52,0.67
CUST_02025,1275,17,4,17699.26,246566.21,0.18
CUST_02026,1071,39,0,18751.11,458047.95,0.96
CUST_02027,543,28,2,6459.58,445442.67,0.75
CUST_02028,1237,13,5,20982.05,8765.71,0.68
CUST_02029,1237,7,1,15711.46,230700.37,0.14
CUST_02030,955,4,0,20736.39,339646.07,0.16
CUST_02031,1491,7,1,22901.3,434023.24,0.43
CUST_02032,985,20,5,22238.29,427518.32,0.86
CUST_02033,324,21,1,6233.61,140827.99,0.15
CUST_02034,498,8,3,6664.13,183754.35,0.49
CUST_02035,849,9,0,20318.6,414201.71,0.47
CUST_02036,1230,22,2,10635.64,172936.39,0.55
CUST_02037,479,22,0,823.45,114517.95,0.53
CUST_02038,466,30,6,13690.8,345128.24,0.52
CUST_02039,656,38,7,10449.76,269753.11,0.33
CUST_02040,848,39,3,2684.8,7698.03,0.48
CUST_02041,397,13,1,13144.48,340309.3,0.18
CUST_02042,785,21,2,18020.63,381564.09,0.28
CUST_02043,1425,35,7,21322.44,214274.81,0.97
CUST_02044,260,8,2,18290.32,239570.41,0.55
CUST_02045,101,38,6,22461.91,445522.55,0.98
CUST_02046,154,29,5,8081.9,271398.21,0.18
CUST_02047,1184,23,1,6185.71,437685.91,0.88
CUST_02048,262,29,1,16901.23,304007.5,0.47
CUST_02049,322,20,3,14851.6,324187.01,0.51
CUST_02050,661,19,4,20835.99,138011.59,0.59
CUST_02051,841,29,6,8609.34,363364.89,0.56
CUST_02052,1255,9,3,19746.95,492098.31,0.12
CUST_02053,274,21,0,19887.3,461295.37,0.7
CUST_02054,744,30,5,5562.6,136260.43,0.37
CUST_02055,1098,16,0,23575.66,411720.68,0.14
CUST_02056,425,37,0,11448.02,192712.9,0.49
CUST_02057,902,5,1,23079.1,240638.12,0.66
CUST_02058,531,21,0,10931.42,205349.72,0.44
CUST_02059,1462,17,1,2992.3,54953.55,0.49
CUST_02060,699,23,3,16794.1,30609.78,0.69
CUST_02061,1052,11,4,17026.61,242535.43,0.98
CUST_02062,57,36,0,4112.74,126242.26,0.76
CUST_02063,992,11,7,9389.23,39738.31,0.74
CUST_02064,1481,18,2,407.3,323014.47,0.48
CUST_02065,590,18,0,9917.39,470215.59,0.48
CUST_02066,1298,8,3,17728.22,96213.94,0.6
CUST_02067,365,14,5,1007.19,100664.41,0.32
CUST_02068,1469,26,0,7727.02,275820.9,0.36
CUST_02069,315,13,7,17441.61,84040.73,0.81
CUST_02070,617,14,5,8956.61,429548.14,0.21
CUST_02071,598,30,0,17708.46,452633.99,0.49
CUST_02072,1399,24,5,498.39,246548.77,0.58
CUST_02073,1009,1,6,2940.02,410734.15,0.49
CUST_02074,1155,3,4,16423.17,384928.49,0.24
CUST_02075,955,7,5,22227.51,478874.07,0.88
CUST_02076,1091,33,5,11367.46,173741.36,0.4
CUST_02077,946,16,3,9316.13,452332.49,0.55
CUST_02078,840,15,3,12489.46,90020.73,0.56
CUST_02079,425,26,2,1525.73,427689.24,0.69
CUST_02080,712,22,0,22368.05,97882.2,0.22
CUST_02081,729,21,4,14356.94,123750.31,0.55
CUST_02082,1041,18,4,21233.27,167186.58,0.46
CUST_02083,253,24,7,7383.85,484655.32,0.65
CUST_02084,380,34,2,20499.55,284352.64,0.14
CUST_02085,650,39,3,2088.83,148335.05,0.27
CUST_02086,1207,2,3,4184.66,321733.21,0.58
CUST_02087,960,39,5,15145.34,164360.96,0.8
CUST_02088,529,38,4,18744.14,423614.38,0.44
CUST_02089,152,4,3,2348.3,321245.93,0.52
CUST_02090,1429,34,5,7392.66,250866.72,0.51
CUST_02091,663,39,4,19061.18,426639.0,0.98
CUST_02092,996,8,5,10038.18,338863.9,0.53
CUST_02093,1199,25,5,15124.49,142746.17,0.89
CUST_02094,1023,10,5,6956.91,73281.56,0.62
CUST_02095,962,9,6,13273.69,487041.58,0.92
CUST_02096,1164,3,6,4724.25,52526.15,0.15
CUST_02097,204,14,1,21061.67,341639.8,0.29
CUST_02098,1427,26,0,1535.46,244137.53,0.42
CUST_02099,464,19,0,6532.65,207934.36,0.17
CUST_02100,233,8,1,15802.21,161601.47,0.32
CUST_02101,386,20,7,17859.96,152599.76,0.56
CUST_02102,1203,34,4,7661.63,18497.41,0.13
CUST_02103,1113,23,6,19233.97,359886.51,0.89
CUST_02104,213,16,6,6552.86,404157.99,0.25
CUST_02105,1220,9,6,8453.76,161826.44,0.6
CUST_02106,714,6,3,17736.63,267560.76,0.71
CUST_02107,1256,38,3,3426.08,413494.26,0.88
CUST_02108,1042,12,2,21728.66,22520.77,0.62
CUST_02109,209,15,1,7768.88,398057.64,0.4
CUST_02110,916,18,0,12132.31,53172.67,0.65
CUST_02111,414,20,0,8221.27,329734.27,0.66
CUST_02112,368,9,5,4234.29,218259.31,0.46
CUST_02113,504,23,2,18824.68,255435.08,0.19
CUST_02114,889,34,0,14378.58,167925.97,0.11
CUST_02115,444,31,1,6006.59,24243.39,0.73
CUST_02116,108,9,6,9978.52,155710.17,0.33
CUST_02117,1304,26,5,7630.97,177778.59,0.92
CUST_02118,1289,28,5,3446.09,412038.42,0.47
CUST_02119,927,7,7,13979.75,265357.68,0.39
CUST_02120,896,17,4,20126.09,70623.86,0.8
CUST_02121,727,37,2,6574.32,430004.66,0.73
CUST_02122,1311,28,5,1700.6,282337.89,0.29
CUST_02123,734,9,5,22808.03,202474.55,0.29
CUST_02124,588,31,5,7866.71,333430.29,0.9
CUST_02125,66,19,2,9921.86,256136.58,0.94
CUST_02126,861,36,3,23348.46,249290.0,0.11
CUST_02127,1261,26,7,887.28,199059.05,0.37
CUST_02128,605,22,5,12371.66,289978.02,0.66
CUST_02129,1069,15,4,9397.27,182649.71,0.96
CUST_02130,1222,27,6,19186.08,84783.7,0.48
CUST_02131,1494,1,7,23644.4,108014.66,0.17
CUST_02132,866,12,2,9993.39,181785.42,0.39
CUST_02133,1410,7,3,15120.36,91228.42,0.59
CUST_02134,1434,24,1,14251.01,235782.03,0.14
CUST_02135,746,14,1,10740.37,326093.09,0.33
CUST_02136,52,9,5,11705.92,128947.17,0.75
CUST_02137,228,17,3,645.35,386130.93,0.89
CUST_02138,325,20,3,7346.37,238487.42,0.96
CUST_02139,1395,39,7,23138.45,52902.21,0.45
CUST_02140,1482,8,0,20027.58,122407.66,0.75
CUST_02141,1400,2,1,5067.47,441488.3,0.83
CUST_02142,761,12,7,18690.55,67542.65,0.22
CUST_02143,1440,36,1,4394.0,491040.27,0.19
CUST_02144,395,5,2,13590.56,331430.76,0.2
CUST_02145,259,39,2,3665.42,449043.81,0.32
CUST_02146,822,14,5,5126.94,6566.14,0.32
CUST_02147,1246,14,1,2643.31,498427.6,0.34
CUST_02148,474,24,1,9499.98,228412.17,0.26
CUST_02149,1197,4,6,21353.42,378519.78,0.65
CUST_02150,810,25,0,19470.95,243718.14,0.3
CUST_02151,1016,37,4,19495.88,115264.61,0.57
CUST_02152,368,29,7,755.89,416112.14,0.26
CUST_02153,797,21,0,10833.16,303490.58,0.6
CUST_02154,478,29,7,18886.09,16272.14,0.35
CUST_02155,1326,19,4,4895.04,467333.95,0.98
CUST_02156,1134,19,3,14812.78,177420.88,0.53
CUST_02157,269,32,0,17548.34,217414.77,0.28
CUST_02158,803,30,7,16798.04,403371.29,0.25
CUST_02159,93,31,1,12199.37,159455.28,0.42
CUST_02160,535,22,1,5733.78,5398.6,0.74
CUST_02161,1382,22,4,8671.72,409847.54,0.22
CUST_02162,347,1,1,6535.05,10260.61,0.73
CUST_02163,978,22,1,20979.83,34331.74,0.95
CUST_02164,1296,39,6,9498.3,388419.29,0.64
CUST_02165,535,5,2,9102.65,128819.29,0.33
CUST_02166,512,11,7,4150.76,361402.04,0.75
CUST_02167,336,34,3,23879.55,65160.05,0.73
CUST_02168,1222,38,0,23141.26,426066.57,0.57
CUST_02169,1458,14,6,1778.9,480871.72,0.59
CUST_02170,1318,16,5,14501.35,445075.6,0.69
CUST_02171,389,8,1,11942.79,434445.46,0.36
CUST_02172,945,30,5,3568.56,338822.8,0.71
CUST_02173,1242,14,6,9561.62,313303.34,0.81
CUST_02174,802,29,2,17805.6,68081.11,0.83
CUST_02175,341,22,1,8686.36,54964.83,0.56
CUST_02176,1046,28,6,5148.29,103322.49,0.68
CUST_02177,87,16,1,18255.76,499665.63,0.99
CUST_02178,610,34,1,7811.52,225412.98,0.59
CUST_02179,522,6,5,9551.04,41308.83,0.45
CUST_02180,201,16,3,18971.17,322774.46,0.31
CUST_02181,218,13,5,4627.5,345643.34,0.86
CUST_02182,777,24,7,4076.31,34018.19,0.29
CUST_02183,1366,19,6,20068.91,334318.56,0.58
CUST_02184,1058,4,5,4261.24,324145.21,0.94
CUST_02185,1384,11,6,11010.07,403642.77,0.36
CUST_02186,1289,18,2,2927.79,248090.62,0.65
CUST_02187,699,14,6,17059.73,6026.76,0.53
CUST_02188,399,20,0,20911.5,210724.84,0.62
CUST_02189,84,36,4,7628.92,292726.38,0.48
CUST_02190,1311,29,6,22639.31,99853.99,0.12
CUST_02191,1362,32,4,16643.37,156209.81,0.39
CUST_02192,40,2,2,1735.9,464629.06,0.3
CUST_02193,377,11,6,6735.73,273911.23,0.27
CUST_02194,984,25,2,4317.55,204462.38,0.85
CUST_02195,874,2,1,13234.71,243200.81,0.42
CUST_02196,317,30,7,3992.86,288877.86,0.69
CUST_02197,878,10,5,23680.13,124062.09,0.7
CUST_02198,791,32,1,23456.89,368591.71,0.51
CUST_02199,1051,36,5,14927.1,439470.09,0.42
CUST_02200,1349,30,6,22680.61,66232.53,0.61
CUST_02201,867,25,4,16615.15,307706.77,0.86
CUST_02202,804,36,0,9178.29,463427.04,0.73
CUST_02203,240,19,6,22962.69,273714.71,0.56
CUST_02204,364,31,2,3772.45,434975.41,0.71
CUST_02205,648,18,0,12963.4,338197.63,0.96
CUST_02206,1300,15,6,13189.03,97544.45,0.9
CUST_02207,180,13,6,17658.74,21960.88,0.92
CUST_02208,82,3,4,14291.73,75542.89,0.52
CUST_02209,176,6,6,12385.47,96283.48,0.11
CUST_02210,1065,26,3,20029.66,472649.69,0.65
CUST_02211,1219,20,3,14488.38,348124.47,0.93
CUST_02212,1094,34,6,7985.82,245688.66,0.8
CUST_02213,894,32,7,870.21,67557.24,0.69
CUST_02214,1435,18,7,15104.67,468635.34,0.25
CUST_02215,380,24,0,6514.49,136710.59,0.75
CUST_02216,556,15,4,2549.79,25514.32,0.4
CUST_02217,248,38,1,13935.2,179330.83,0.97
CUST_02218,767,2,1,7715.61,266023.6,0.47
CUST_02219,1016,9,6,1810.94,78803.55,0.5
CUST_02220,1089,9,4,11914.8,384948.89,0.19
CUST_02221,270,23,7,23834.26,397481.59,0.14
CUST_02222,812,15,2,8068.58,350393.59,0.84
CUST_02223,941,4,5,21912.24,383544.71,0.43
CUST_02224,236,6,2,10424.14,317404.45,0.12
CUST_02225,1389,33,7,11830.23,430502.6,0.96
CUST_02226,329,12,0,21952.15,464180.18,0.58
CUST_02227,1409,32,4,23926.88,184766.89,0.68
CUST_02228,411,21,2,16147.45,322133.68,0.91
CUST_02229,1395,14,5,21693.38,371467.84,0.95
CUST_02230,220,6,5,4307.07,155655.02,0.91
CUST_02231,1140,32,1,19245.21,471045.24,0.29
CUST_02232,1108,14,4,16867.77,235171.86,0.41
CUST_02233,420,22,6,20363.71,81849.19,0.77
CUST_02234,236,19,7,4708.56,378684.92,0.14
CUST_02235,705,4,0,6529.22,163050.55,0.85
CUST_02236,197,32,1,8945.17,290585.76,0.3
CUST_02237,471,15,7,21130.31,359285.1,0.95
CUST_02238,1287,10,5,14949.89,186785.09,0.35
CUST_02239,230,16,4,1060.43,362177.59,0.91
CUST_02240,1061,39,5,8348.0,119569.49,0.58
CUST_02241,475,22,6,4090.38,104166.58,0.66
CUST_02242,1251,1,3,14355.38,370015.61,0.81
CUST_02243,815,24,6,5910.58,195423.38,0.65
CUST_02244,459,22,1,499.69,219307.23,0.33
CUST_02245,441,29,6,9779.22,71632.88,0.74
CUST_02246,466,34,6,20921.09,147651.15,0.15
CUST_02247,965,21,1,23316.1,143674.3,0.48
CUST_02248,185,26,6,10513.38,212369.33,0.73
CUST_02249,826,19,5,16020.83,197548.43,0.37
CUST_02250,330,1,6,4912.63,255597.75,0.58
CUST_02251,512,11,5,777.16,251504.3,0.63
CUST_02252,1016,19,3,5935.99,159368.79,0.97
CUST_02253,75,27,5,21349.69,277333.2,0.75
CUST_02254,1348,17,7,8414.17,476273.18,0.12
CUST_02255,790,32,2,10175.86,17988.21,0.84
CUST_02256,856,19,3,11126.82,363640.68,0.91
CUST_02257,1491,27,4,22074.15,266912.27,0.78
CUST_02258,484,16,3,3109.93,70249.17,0.37
CUST_02259,548,35,6,19105.34,131979.74,0.32
CUST_02260,1347,20,7,15953.18,111923.24,0.15
CUST_02261,79,20,1,11176.69,353853.19,0.63
CUST_02262,1285,21,1,5831.28,426719.51,0.33
CUST_02263,1118,9,0,8887.34,59083.76,0.14
CUST_02264,630,14,3,23870.18,72000.82,0.74
CUST_02265,1469,21,6,18496.14,149361.54,0.15
CUST_02266,390,27,7,19556.33,301448.81,0.51
CUST_02267,863,27,0,21556.86,7602.41,0.72
CUST_02268,1296,34,1,11231.95,58205.33,0.85
CUST_02269,926,38,2,3765.04,443395.49,0.76
CUST_02270,719,17,3,11739.02,79648.06,0.63
CUST_02271,807,27,7,4496.2,192149.77,0.88
CUST_02272,670,20,2,3151.06,219527.45,0.86
CUST_02273,455,37,0,408.04,137662.04,0.64
CUST_02274,473,8,3,3444.79,391235.1,0.97
CUST_02275,1367,8,5,19298.91,214998.33,0.78
CUST_02276,876,22,2,23446.08,44637.09,0.6
CUST_02277,270,1,4,23066.67,466548.31,0.32
CUST_02278,761,37,1,22962.86,225612.01,0.77
CUST_02279,111,29,3,5223.95,213290.17,0.78
CUST_02280,624,18,5,18200.2,175536.46,0.38
CUST_02281,795,25,3,24750.34,204032.65,0.11
CUST_02282,124,12,1,24767.7,223110.41,0.67
CUST_02283,439,23,6,17293.21,162084.43,0.59
CUST_02284,485,39,7,22065.57,211174.5,0.86
CUST_02285,1314,37,1,12371.04,445091.89,0.86
CUST_02286,951,10,5,10592.7,37308.43,0.19
CUST_02287,821,17,4,17172.08,290679.12,0.64
CUST_02288,288,12,4,17690.92,130797.88,0.95
CUST_02289,826,6,1,9316.63,51005.46,0.71
CUST_02290,1282,4,4,11389.8,165654.69,0.83
CUST_02291,246,18,0,15980.45,443566.46,0.48
CUST_02292,66,20,5,2742.16,59436.51,0.37
CUST_02293,238,39,2,12260.06,415988.38,0.91
CUST_02294,1132,25,7,21585.81,87965.06,0.66
CUST_02295,1297,39,0,24653.22,51246.11,0.48
CUST_02296,767,14,3,14155.63,72157.43,0.6
CUST_02297,678,25,7,7199.16,465773.75,0.72
CUST_02298,1133,13,6,21259.74,201413.47,0.85
CUST_02299,1222,28,4,10996.98,351779.87,0.26
CUST_02300,185,17,6,8067.57,414619.66,0.64
CUST_02301,146,28,6,14545.99,83602.11,0.46
CUST_02302,251,27,1,19099.43,241786.67,0.95
CUST_02303,1231,23,0,20032.17,69175.15,0.41
CUST_02304,1360,30,4,10145.41,136096.13,1.0
CUST_02305,1416,1,0,8300.46,257529.35,0.89
CUST_02306,215,22,7,22119.2,81036.54,0.41
CUST_02307,712,39,6,387.35,465634.46,0.43
CUST_02308,1163,29,3,15804.2,188448.72,0.23
CUST_02309,1047,37,0,17240.61,9921.36,0.29
CUST_02310,734,34,1,9387.2,169000.24,0.33
CUST_02311,750,15,7,24293.63,42756.81,0.91
CUST_02312,765,34,4,5841.86,177069.22,0.68
CUST_02313,53,39,3,17791.24,416546.58,0.21
CUST_02314,524,10,1,11717.7,151496.71,0.65
CUST_02315,1249,5,2,13840.63,476635.59,0.26
CUST_02316,273,39,0,17074.48,303854.22,0.61
CUST_02317,381,20,7,21260.12,207620.24,0.33
CUST_02318,547,31,5,20266.61,132438.4,0.1
CUST_02319,114,15,6,20267.05,260743.03,0.75
CUST_02320,1305,19,6,19602.81,76642.37,0.68
CUST_02321,185,14,2,12690.26,12620.25,0.42
CUST_02322,1295,5,2,16695.04,207686.08,0.14
CUST_02323,1477,36,2,11978.27,449980.05,0.4
CUST_02324,733,5,3,19985.6,257974.93,0.22
CUST_02325,978,15,5,9810.52,418400.12,0.95
CUST_02326,298,34,2,22314.19,318301.39,0.94
CUST_02327,827,31,2,9827.2,451876.09,0.32
CUST_02328,1270,37,5,9247.04,109513.58,0.94
CUST_02329,911,30,6,17579.11,147384.68,0.84
CUST_02330,693,25,3,1533.09,58662.79,0.16
CUST_02331,317,23,1,11762.54,225564.23,0.63
CUST_02332,788,8,1,3883.71,349889.54,0.12
CUST_02333,835,12,0,19271.74,418156.24,0.21
CUST_02334,1237,8,5,22172.44,443406.71,0.12
CUST_02335,615,39,6,10253.43,9252.03,0.83
CUST_02336,267,10,2,12673.19,475621.97,0.79
CUST_02337,622,29,6,24969.13,186558.2,0.37
CUST_02338,857,31,4,15852.14,397775.22,0.8
CUST_02339,592,26,5,17486.32,475604.99,0.17
CUST_02340,234,14,0,3868.55,117253.13,0.91
CUST_02341,275,34,5,7946.36,308825.15,0.58
CUST_02342,991,25,4,22208.58,99979.88,0.77
CUST_02343,387,21,4,1752.26,364903.94,0.4
CUST_02344,578,26,0,14397.37,386304.1,0.94
CUST_02345,1082,9,6,11767.38,463660.24,0.91
CUST_02346,142,30,4,24616.34,278921.11,0.7
CUST_02347,537,30,1,14981.91,35823.11,0.33
CUST_02348,1209,34,3,17332.24,205012.99,0.29
CUST_02349,596,33,0,3626.08,259788.9,0.79
CUST_02350,1242,12,1,19091.62,30903.4,0.12
CUST_02351,504,27,6,3438.29,52833.02,0.74
CUST_02352,210,20,6,17562.49,452180.11,0.82
CUST_02353,1169,13,1,16216.59,357313.11,0.36
CUST_02354,963,27,3,24627.97,407211.91,0.25
CUST_02355,79,22,6,1795.9,443523.51,0.74
CUST_02356,786,32,3,5625.54,200250.33,0.56
CUST_02357,1180,18,5,2390.29,472184.26,0.57
CUST_02358,392,23,5,14262.64,125097.21,0.49
CUST_02359,1198,16,2,17755.09,446621.95,0.96
CUST_02360,684,5,7,24123.39,76470.43,0.12
CUST_02361,913,10,5,13775.39,429120.77,0.71
CUST_02362,1329,13,0,17698.82,356383.67,0.19
CUST_02363,1229,33,3,10917.45,321143.58,0.84
CUST_02364,1067,17,3,18399.39,294099.83,0.5
CUST_02365,135,32,6,16927.07,498605.05,0.8
CUST_02366,1477,28,5,9524.57,496592.22,1.0
CUST_02367,314,29,2,17971.79,351447.01,0.97
CUST_02368,331,23,6,5090.02,81674.5,0.32
CUST_02369,453,2,4,8768.86,386881.03,0.61
CUST_02370,141,38,2,19810.83,409139.4,0.36
CUST_02371,484,26,7,6310.59,438862.12,0.28
CUST_02372,1051,30,1,19360.2,459845.78,0.58
CUST_02373,548,26,6,15960.55,421982.48,0.34
CUST_02374,1469,8,1,11036.85,213793.96,0.57
CUST_02375,1187,20,6,8061.77,486789.75,0.36
CUST_02376,407,32,4,22587.95,395331.99,0.47
CUST_02377,1123,14,3,7043.4,313598.23,0.85
CUST_02378,1194,2,5,14739.83,494349.1,0.64
CUST_02379,1338,24,6,15830.01,315206.65,0.99
CUST_02380,599,3,0,15723.3,412978.73,0.94
CUST_02381,428,1,0,7091.74,70082.87,0.21
CUST_02382,536,4,4,21286.69,479266.73,0.96
CUST_02383,1159,1,5,10129.54,337662.32,0.15
CUST_02384,814,25,6,6247.85,230803.14,0.53
CUST_02385,565,28,6,16677.66,263846.0,0.19
CUST_02386,1488,39,2,24890.04,365518.57,0.3
CUST_02387,233,30,5,21457.33,361210.26,0.9
CUST_02388,1240,18,3,21889.2,498894.41,0.32
CUST_02389,986,34,5,17250.37,159737.26,0.26
CUST_02390,426,30,5,21811.03,3059.45,0.12
CUST_02391,1327,8,6,17339.08,283216.6,0.17
CUST_02392,667,7,4,9668.68,386060.8,0.57
CUST_02393,1419,31,1,22922.5,139580.1,0.27
CUST_02394,1414,20,6,8551.71,136950.77,0.59
CUST_02395,1357,22,1,3549.8,25596.71,0.72
CUST_02396,97,34,2,8432.31,44888.55,0.73
CUST_02397,489,31,1,24204.96,423731.57,0.38
CUST_02398,221,4,2,19888.88,273711.51,0.48
CUST_02399,1383,24,0,6378.65,339919.53,0.89
CUST_02400,208,25,3,4205.88,430441.64,0.5
CUST_02401,698,5,3,20245.31,332114.9,0.24
CUST_02402,1299,31,3,9975.68,295046.61,0.35
CUST_02403,36,5,0,771.75,18013.75,0.72
CUST_02404,554,15,7,10325.43,16536.73,0.97
CUST_02405,1083,39,1,2045.57,270945.28,0.9
CUST_02406,428,3,4,2398.75,54149.31,0.21
CUST_02407,636,34,3,24487.43,479957.36,0.4
CUST_02408,77,15,1,5503.81,312520.91,0.17
CUST_02409,323,2,5,10185.41,288884.15,0.87
CUST_02410,1256,29,3,12900.42,334169.3,0.12
CUST_02411,1395,31,2,7938.94,251696.87,0.4
CUST_02412,184,1,3,1505.9,146944.54,0.81
CUST_02413,244,30,7,5408.97,312130.4,0.42
CUST_02414,968,32,2,896.08,305595.52,0.76
CUST_02415,800,17,7,20268.97,80810.46,0.35
CUST_02416,900,18,2,22508.89,363577.4,0.56
CUST_02417,382,11,3,5889.72,9645.66,0.62
CUST_02418,448,22,4,14593.91,323756.02,0.94
CUST_02419,239,18,2,14169.66,318841.85,0.98
CUST_02420,708,22,2,23958.14,202751.9,0.89
CUST_02421,783,24,5,11198.77,335885.14,0.13
CUST_02422,1326,17,6,1577.51,106308.13,0.17
CUST_02423,1214,28,2,14284.79,306462.76,0.59
CUST_02424,803,9,5,19381.61,163014.8,0.77
CUST_02425,54,19,4,8695.43,450075.75,0.14
CUST_02426,559,32,4,6770.8,489745.93,0.82
CUST_02427,447,15,3,19045.62,149243.19,0.48
CUST_02428,129,1,7,6907.54,410209.62,1.0
CUST_02429,248,10,7,10786.66,418826.39,0.89
CUST_02430,1074,11,5,14995.72,486996.35,0.39
CUST_02431,859,35,3,14607.92,289768.84,0.29
CUST_02432,609,34,5,8148.68,116860.21,0.89
CUST_02433,152,38,2,19142.53,304377.61,0.19
CUST_02434,674,3,0,14807.75,226639.16,0.8
CUST_02435,1184,21,0,16317.89,15104.09,0.11
CUST_02436,1213,17,0,17348.1,212244.88,0.93
CUST_02437,312,39,5,5616.25,162689.95,0.57
CUST_02438,1295,18,5,14718.19,202114.71,0.95
CUST_02439,843,14,3,8792.42,307401.57,0.87
CUST_02440,1027,5,3,2877.36,38504.12,0.41
CUST_02441,618,26,2,10788.71,196586.11,0.56
CUST_02442,412,1,7,7164.67,445266.91,0.59
CUST_02443,1120,37,0,17938.8,351722.56,0.65
CUST_02444,1380,23,4,4966.45,129003.69,0.15
CUST_02445,545,13,3,11407.09,403036.71,0.25
CUST_02446,709,26,2,19874.79,66096.29,0.79
CUST_02447,884,17,6,22486.12,291088.27,0.42
CUST_02448,983,31,6,24792.47,491624.78,0.67
CUST_02449,1019,26,0,8410.3,38560.85,0.17
CUST_02450,1237,18,0,19683.93,243262.45,0.4
CUST_02451,987,17,0,9081.92,115564.07,0.26
CUST_02452,168,25,4,24224.76,386133.08,0.91
CUST_02453,997,17,1,1267.02,468050.58,0.19
CUST_02454,545,16,0,22033.66,255845.93,0.17
CUST_02455,261,39,0,19467.75,325641.91,0.29
CUST_02456,1277,21,4,17433.99,162011.4,0.61
CUST_02457,468,4,6,20639.29,490881.88,0.47
CUST_02458,404,10,2,18589.19,223792.48,0.16
CUST_02459,1356,10,1,15382.88,60505.83,0.93
CUST_02460,946,26,0,24030.28,21402.66,0.17
CUST_02461,100,14,0,15156.34,336149.82,0.45
CUST_02462,1472,2,6,5583.89,209510.24,0.36
CUST_02463,1255,4,7,19570.14,170152.56,0.44
CUST_02464,1149,10,1,11904.11,128952.77,0.9
CUST_02465,815,17,2,10943.74,477227.94,0.29
CUST_02466,443,27,7,8809.2,313207.92,0.92
CUST_02467,1137,34,2,8400.35,212012.19,0.7
CUST_02468,135,8,5,22031.01,428742.97,0.44
CUST_02469,418,16,6,10665.47,94899.15,0.11
CUST_02470,805,15,1,24242.94,71021.44,0.63
CUST_02471,1121,32,7,7033.08,289575.51,0.73
CUST_02472,126,29,6,24645.15,441315.87,0.96
CUST_02473,377,7,2,20821.68,204998.13,0.72
CUST_02474,874,19,6,16595.37,162465.22,0.41
CUST_02475,143,33,6,20357.22,78803.34,0.81
CUST_02476,271,12,0,16506.9,427607.9,0.33
CUST_02477,572,34,6,5525.85,405766.97,0.8
CUST_02478,1275,8,1,10962.93,126750.83,0.39
CUST_02479,1068,9,7,3958.34,405961.96,0.48
CUST_02480,802,27,4,10096.24,185631.77,0.36
CUST_02481,1243,16,0,21651.0,346943.94,0.66
CUST_02482,150,39,1,12668.66,245290.89,0.51
CUST_02483,569,28,0,22006.38,341254.6,0.59
CUST_02484,1478,25,1,20738.78,180698.74,0.64
CUST_02485,412,17,4,6736.77,269562.0,0.58
CUST_02486,783,1,2,13651.07,95703.6,0.27
CUST_02487,1160,5,2,3273.88,62272.16,0.61
CUST_02488,1179,12,3,24309.44,72249.64,0.19
CUST_02489,78,34,7,17356.3,273706.06,0.73
CUST_02490,53,5,0,11809.38,339839.55,0.85
CUST_02491,1047,37,3,21511.75,326248.25,0.27
CUST_02492,786,21,3,14188.38,126797.23,0.96
CUST_02493,271,15,3,7806.35,133348.52,0.22
CUST_02494,810,4,6,6029.62,61448.15,0.11
CUST_02495,809,1,6,1350.36,210453.74,0.51
CUST_02496,451,36,6,680.75,408613.38,0.37
CUST_02497,411,20,3,2420.3,365227.9,0.88
CUST_02498,1176,29,6,24755.71,389118.0,0.37
CUST_02499,915,6,1,8912.89,164027.9,0.78
CUST_02500,891,23,0,17101.27,146874.32,0.4
CUST_02501,990,19,5,5551.79,187793.74,0.34
CUST_02502,975,15,6,9883.27,192407.05,0.11
CUST_02503,1429,20,7,14387.63,253884.91,0.86
CUST_02504,1296,5,1,13050.91,350153.47,0.18
CUST_02505,1462,20,1,16493.17,271506.16,0.79
CUST_02506,1165,39,3,16789.33,352999.03,0.94
CUST_02507,968,30,6,23926.76,101521.79,0.88
CUST_02508,962,24,2,4194.91,258653.57,0.81
CUST_02509,914,14,6,2063.61,436334.18,0.67
CUST_02510,346,33,5,21102.59,324435.86,0.46
CUST_02511,943,31,4,20763.94,490298.41,0.39
CUST_02512,390,30,6,5039.62,326982.51,0.15
CUST_02513,874,16,5,10086.64,97495.93,0.58
CUST_02514,625,15,3,22263.9,333071.01,0.66
CUST_02515,379,32,5,10554.07,399845.71,0.38
CUST_02516,49,13,7,18418.89,209433.39,0.57
CUST_02517,55,20,6,13415.78,341799.24,0.67
CUST_02518,891,11,2,18971.41,191868.36,0.47
CUST_02519,992,1,2,9827.59,389772.99,0.75
CUST_02520,684,5,0,3532.33,330105.63,0.59
CUST_02521,944,8,7,12742.2,81724.9,0.43
CUST_02522,533,13,2,9879.77,51437.17,0.82
CUST_02523,1017,9,6,21096.37,453541.3,0.16
CUST_02524,555,5,7,19197.07,474010.62,0.75
CUST_02525,199,8,2,9954.63,45764.27,0.66
CUST_02526,141,18,0,12000.03,387873.71,0.82
CUST_02527,656,33,7,12054.55,235909.35,0.45
CUST_02528,848,9,7,15210.02,447864.54,0.88
CUST_02529,1184,27,2,1164.07,131272.33,0.35
CUST_02530,1466,10,0,13193.98,413381.05,0.62
CUST_02531,1497,24,0,18464.73,429962.31,0.95
CUST_02532,1299,35,3,1287.66,240032.84,0.64
CUST_02533,752,37,5,12405.95,15400.1,0.16
CUST_02534,1346,36,2,5618.66,361232.88,0.83
CUST_02535,1222,39,4,14325.62,488542.34,0.35
CUST_02536,555,32,4,8831.3,206109.35,0.25
CUST_02537,1373,18,4,22951.03,197907.87,0.26
CUST_02538,1199,33,3,6069.4,368256.26,0.11
CUST_02539,1361,10,6,10213.3,359713.17,0.89
CUST_02540,954,32,2,23315.04,54641.82,0.88
CUST_02541,1084,29,1,2073.65,48043.71,0.62
CUST_02542,553,37,3,18113.77,76179.21,0.89
CUST_02543,428,35,7,10117.11,105999.82,0.57
CUST_02544,1085,4,5,15560.04,376056.58,0.29
CUST_02545,1031,22,3,13019.2,407178.0,0.75
CUST_02546,987,9,6,3751.59,195695.19,0.36
CUST_02547,557,19,0,6694.55,377507.13,0.75
CUST_02548,1051,18,2,18646.58,238686.73,0.14
CUST_02549,605,28,5,4208.51,84639.51,0.7
CUST_02550,1415,31,4,22923.98,389468.06,0.15
CUST_02551,1399,15,7,20981.06,306893.97,0.26
CUST_02552,736,31,2,3284.76,111420.75,0.39
CUST_02553,565,24,2,8381.84,314619.22,0.26
CUST_02554,991,19,1,18433.51,475485.23,0.18
CUST_02555,1316,27,7,14693.22,244486.01,0.27
CUST_02556,1403,17,5,2555.33,375257.57,0.26
CUST_02557,246,1,6,3685.58,87428.61,0.15
CUST_02558,1198,5,3,16873.26,335246.84,0.7
CUST_02559,798,34,7,4023.2,310659.04,0.48
CUST_02560,373,32,3,24374.84,130117.07,0.38
CUST_02561,100,34,2,14788.76,306906.59,0.84
CUST_02562,463,29,1,4703.39,462290.62,0.79
CUST_02563,759,21,7,3280.98,314271.53,0.1
CUST_02564,286,21,4,20035.56,19091.19,0.99
CUST_02565,665,19,1,13171.08,488488.78,0.25
CUST_02566,1002,5,6,23824.79,412075.01,0.53
CUST_02567,1150,7,3,1733.74,348435.47,0.15
CUST_02568,245,23,2,22436.09,55284.52,0.53
CUST_02569,705,23,6,1670.62,2261.25,0.19
CUST_02570,1260,5,5,9590.9,100959.92,0.47
CUST_02571,1037,32,6,3872.98,305995.95,0.94
CUST_02572,988,22,1,2779.91,473438.97,0.17
CUST_02573,585,31,7,14048.61,107393.88,0.72
CUST_02574,1127,27,2,6223.35,446042.12,0.97
CUST_02575,786,8,0,23596.13,442150.98,0.18
CUST_02576,280,30,0,10446.19,438547.15,0.57
CUST_02577,1411,6,6,20068.02,312634.49,0.52
CUST_02578,1173,18,5,24322.69,390777.31,0.23
CUST_02579,165,24,3,8700.69,90174.35,0.63
CUST_02580,56,27,5,22085.09,186215.89,0.17
CUST_02581,241,31,4,16757.74,273710.34,0.28
CUST_02582,127,4,7,21705.22,397569.94,0.97
CUST_02583,1180,17,1,8687.25,156112.23,0.96
CUST_02584,1160,19,0,14173.3,206330.87,0.74
CUST_02585,527,28,2,10809.86,436066.31,0.46
CUST_02586,1396,10,4,21559.01,74168.78,0.92
CUST_02587,263,39,4,20384.07,393368.47,0.9
CUST_02588,105,25,7,7522.35,201734.13,0.79
CUST_02589,1272,26,2,9872.89,306923.08,0.15
CUST_02590,531,15,4,17876.71,459137.56,0.32
CUST_02591,881,19,7,3394.93,163170.96,0.61
CUST_02592,207,31,3,2124.6,143667.24,0.43
CUST_02593,1481,5,5,4496.11,143363.56,0.35
CUST_02594,950,12,0,18965.34,133405.89,0.38
CUST_02595,1034,34,3,22146.44,43599.02,0.5
CUST_02596,562,38,7,8003.69,222425.4,0.21
CUST_02597,718,15,7,22360.53,171873.97,1.0
CUST_02598,1346,16,7,5226.73,31323.86,0.31
CUST_02599,1056,30,6,24283.83,441809.86,0.95
CUST_02600,427,22,4,3488.54,316833.16,0.75
CUST_02601,790,1,4,1595.77,147339.78,0.93
CUST_02602,244,19,3,2603.52,460522.19,0.41
CUST_02603,1247,38,6,451.38,232603.46,0.12
CUST_02604,888,10,5,20858.63,56686.1,0.93
CUST_02605,48,1,1,17414.86,433941.81,0.43
CUST_02606,388,32,0,15512.85,395044.56,0.83
CUST_02607,775,22,7,24869.07,367856.79,0.29
CUST_02608,827,3,3,4771.94,479544.54,0.67
CUST_02609,115,19,6,10532.64,488614.27,0.62
CUST_02610,136,10,1,14130.98,316063.45,0.32
CUST_02611,596,18,7,7831.89,180672.68,0.48
CUST_02612,384,9,6,13572.17,222627.96,0.67
CUST_02613,116,33,3,13719.2,487950.19,0.43
CUST_02614,476,5,3,4618.53,417377.0,0.24
CUST_02615,540,26,4,14255.7,165307.65,0.23
CUST_02616,393,19,3,7081.95,17208.18,0.84
CUST_02617,490,26,6,5099.86,486993.85,0.43
CUST_02618,1187,18,6,14143.7,457433.18,0.71
CUST_02619,1294,17,7,4772.25,272574.14,0.96
CUST_02620,63,31,6,6979.33,346660.97,0.33
CUST_02621,279,7,3,4490.63,242511.38,0.73
CUST_02622,634,14,2,19024.49,298626.68,0.35
CUST_02623,1073,14,5,4495.03,54046.6,0.92
CUST_02624,970,2,0,1646.71,165535.82,0.52
CUST_02625,979,4,1,19225.7,188121.08,0.61
CUST_02626,643,1,6,22753.31,484796.74,0.26
CUST_02627,378,1,5,8809.5,44797.01,0.53
CUST_02628,1254,10,4,5151.87,327750.84,0.72
CUST_02629,384,7,1,1940.49,276362.28,0.19
CUST_02630,1199,39,3,10037.89,462516.34,0.86
CUST_02631,1019,26,7,971.2,132347.48,0.74
CUST_02632,1012,4,5,405.76,442833.94,0.16
CUST_02633,606,39,4,8718.17,477378.38,0.73
CUST_02634,279,34,7,15385.49,358209.16,0.79
CUST_02635,865,15,2,7719.63,217544.36,0.17
CUST_02636,1443,27,1,3375.12,457524.31,0.23
CUST_02637,855,7,2,13743.01,402336.27,0.58
CUST_02638,1159,31,1,17412.37,266527.81,0.49
CUST_02639,411,24,0,7433.77,194361.19,0.66
CUST_02640,73,13,4,4914.81,176287.91,0.62
CUST_02641,922,26,4,8600.1,34487.12,0.48
CUST_02642,683,28,5,23984.94,418943.8,0.43
CUST_02643,822,6,0,8117.72,483192.93,0.24
CUST_02644,750,3,4,418.56,255047.73,0.6
CUST_02645,1271,1,6,6023.01,271393.1,0.3
CUST_02646,1393,14,4,16976.05,85946.28,0.27
CUST_02647,1059,12,1,12312.85,105669.5,0.28
CUST_02648,812,6,1,9201.34,214024.14,0.98
CUST_02649,935,10,1,445.23,194660.12,0.35
CUST_02650,425,3,1,7986.77,425169.89,0.64
CUST_02651,1062,2,5,5424.24,217069.46,0.68
CUST_02652,769,17,4,24385.02,481176.75,0.31
CUST_02653,75,19,5,8660.05,199918.53,0.41
CUST_02654,666,39,5,4493.49,290799.78,0.54
CUST_02655,1268,8,7,8664.4,147445.81,0.29
CUST_02656,981,12,6,3479.94,18167.41,0.47
CUST_02657,214,8,1,7409.14,124954.4,0.72
CUST_02658,681,29,1,24664.74,216758.83,0.68
CUST_02659,117,32,0,10639.59,425246.01,0.94
CUST_02660,1322,36,3,22566.35,88048.84,0.42
CUST_02661,930,26,3,19817.1,401270.04,0.75
CUST_02662,108,13,7,7500.39,117968.47,0.58
CUST_02663,404,3,7,332.94,162600.97,0.3
CUST_02664,562,16,1,14381.55,324563.78,0.71
CUST_02665,763,4,3,23203.46,466019.44,0.56
CUST_02666,1138,21,7,16017.7,250546.08,0.19
CUST_02667,276,2,0,11101.21,366317.03,0.72
CUST_02668,759,11,0,11350.28,329905.83,0.15
CUST_02669,1094,3,2,16394.0,416298.62,0.51
CUST_02670,517,7,2,1255.04,92524.73,0.9
CUST_02671,1165,13,7,7957.4,196982.34,0.42
CUST_02672,259,11,0,1666.95,405125.94,0.99
CUST_02673,1072,3,4,7593.46,99651.25,0.43
CUST_02674,95,14,5,6742.63,434046.42,0.68
CUST_02675,150,31,6,17003.11,116153.43,0.81
CUST_02676,1167,11,7,6658.06,191339.1,0.42
CUST_02677,609,2,3,22427.34,326389.26,0.76
CUST_02678,543,29,1,733.87,309984.75,0.51
CUST_02679,942,15,0,4729.03,406745.78,0.95
CUST_02680,93,34,1,18410.16,216251.36,0.5
CUST_02681,473,13,3,4873.58,313831.22,0.26
CUST_02682,628,34,6,10291.63,277298.66,0.94
CUST_02683,422,12,2,13853.37,241052.53,0.14
CUST_02684,1388,10,3,7207.64,305252.3,0.72
CUST_02685,127,1,1,16331.4,441523.09,0.27
CUST_02686,1335,33,3,5610.31,19550.47,0.23
CUST_02687,278,6,4,2218.35,479903.69,0.89
CUST_02688,1119,13,3,7136.47,357623.76,0.45
CUST_02689,265,10,4,19427.64,131965.7,0.4
CUST_02690,1004,22,7,7487.78,260790.61,0.45
CUST_02691,120,33,4,12443.67,148328.28,0.79
CUST_02692,1351,35,1,5414.68,189140.71,0.11
CUST_02693,900,8,7,9873.27,288538.48,0.85
CUST_02694,57,32,6,6566.25,247451.78,0.66
CUST_02695,701,18,6,13286.75,146730.73,0.64
CUST_02696,923,35,4,9219.03,376681.85,0.69
CUST_02697,255,17,1,11306.83,26944.72,0.37
CUST_02698,444,11,4,6488.45,167587.19,0.52
CUST_02699,1135,25,3,10895.56,432530.32,0.73
CUST_02700,1379,19,1,2615.0,390685.66,0.99
CUST_02701,221,19,5,11108.66,428191.57,0.25
CUST_02702,801,7,0,9584.33,463938.41,0.19
CUST_02703,1181,21,6,17659.02,123331.82,0.56
CUST_02704,735,4,7,13991.09,333751.3,0.94
CUST_02705,65,39,3,23659.73,374039.74,0.76
CUST_02706,127,30,0,23471.52,483160.6,0.98
CUST_02707,109,4,6,6311.23,65462.77,0.87
CUST_02708,1153,9,6,3319.65,437274.24,0.15
CUST_02709,1371,19,3,22906.72,202727.09,0.45
CUST_02710,1442,39,5,21660.65,195821.24,0.44
CUST_02711,535,39,1,11884.66,437036.07,0.15
CUST_02712,983,1,0,17059.92,291693.3,0.6
CUST_02713,480,19,5,8897.48,56655.14,0.73
CUST_02714,312,33,6,10171.07,95268.01,0.78
CUST_02715,917,28,3,10104.22,292496.7,0.76
CUST_02716,495,26,3,5988.77,127268.06,0.95
CUST_02717,532,16,2,23358.05,263848.13,0.58
CUST_02718,864,12,2,24880.74,200807.81,0.67
CUST_02719,651,29,6,5345.34,383589.13,0.37
CUST_02720,319,1,3,22667.73,80661.79,0.13
CUST_02721,864,38,3,10723.53,460274.53,0.89
CUST_02722,1059,20,5,14008.72,122483.55,0.15
CUST_02723,670,29,5,5200.5,236757.7,0.54
CUST_02724,1290,33,6,9640.42,342181.62,0.31
CUST_02725,1098,16,7,18730.9,495092.44,1.0
CUST_02726,1265,12,0,24759.17,187961.77,0.33
CUST_02727,152,39,0,21382.84,294772.82,0.89
CUST_02728,759,7,7,15350.01,25121.11,0.89
CUST_02729,294,8,5,3273.46,72645.15,0.69
CUST_02730,538,24,3,18870.11,225395.15,0.65
CUST_02731,698,5,2,2879.23,227576.94,0.54
CUST_02732,1113,20,1,15437.51,359879.08,0.68
CUST_02733,1131,34,0,24215.41,72937.47,0.89
CUST_02734,897,9,7,14056.63,361955.95,0.44
CUST_02735,1032,23,2,5736.35,90942.77,0.11
CUST_02736,511,10,2,6584.19,37064.81,0.77
CUST_02737,420,14,6,22530.73,463104.97,0.82
CUST_02738,887,22,5,9519.56,444469.33,0.51
CUST_02739,872,26,1,17527.58,27069.59,0.58
CUST_02740,564,13,4,9924.5,1319.09,0.52
CUST_02741,798,8,1,1283.2,381746.68,0.25
CUST_02742,411,34,2,7505.58,114005.88,0.22
CUST_02743,1278,5,3,10926.01,291065.19,0.78
CUST_02744,492,2,6,6398.84,488595.52,0.82
CUST_02745,1291,16,2,22387.67,156211.61,0.38
CUST_02746,677,38,7,5573.07,453028.68,0.91
CUST_02747,274,32,1,5775.1,110742.35,0.95
CUST_02748,194,32,6,20249.19,94903.9,0.29
CUST_02749,602,24,0,14094.21,125852.04,0.29
CUST_02750,76,4,2,10570.67,75236.44,0.69
CUST_02751,450,23,4,17097.4,469250.99,0.67
CUST_02752,457,38,3,17057.14,365307.51,0.29
CUST_02753,1283,18,1,6093.24,97184.41,0.62
CUST_02754,1453,1,2,12525.08,409816.24,0.8
CUST_02755,374,34,0,19827.63,245565.63,0.18
CUST_02756,164,30,4,9900.84,266042.23,0.9
CUST_02757,1118,3,3,22019.29,468903.37,0.46
CUST_02758,464,32,3,5422.75,463146.73,0.29
CUST_02759,1199,24,5,7241.39,131895.61,0.3
CUST_02760,1026,23,0,23258.41,378545.47,0.15
CUST_02761,497,31,3,24844.12,63508.53,0.65
CUST_02762,1305,13,1,14660.21,454419.13,0.83
CUST_02763,1421,35,4,24157.8,237291.55,0.82
CUST_02764,594,31,5,10971.66,264426.69,0.35
CUST_02765,941,3,1,10776.64,425026.77,0.38
CUST_02766,679,28,3,4814.88,475469.99,0.86
CUST_02767,449,36,0,24351.58,199179.1,0.64
CUST_02768,728,2,3,2130.74,18336.33,0.52
CUST_02769,756,31,0,17283.76,496458.84,0.46
CUST_02770,1336,23,7,20838.91,232312.56,0.76
CUST_02771,108,12,2,7192.79,81420.68,0.48
CUST_02772,1477,5,1,11569.13,266041.17,0.23
CUST_02773,1384,7,4,24629.74,49029.04,0.36
CUST_02774,830,33,3,7287.29,255247.12,0.56
CUST_02775,1274,19,2,7853.32,442516.74,0.75
CUST_02776,802,13,4,652.5,452047.1,0.14
CUST_02777,133,13,5,7938.63,321946.13,0.89
CUST_02778,776,1,2,16903.97,475565.43,0.54
CUST_02779,1468,6,3,2856.39,127499.59,0.93
CUST_02780,294,17,5,5354.25,341735.8,0.79
CUST_02781,1005,27,0,22416.47,380580.57,0.14
CUST_02782,983,11,7,24088.93,62314.91,0.33
CUST_02783,442,5,7,17637.2,226021.22,0.57
CUST_02784,432,25,7,21446.42,116178.07,0.86
CUST_02785,1441,35,0,8566.03,190182.83,0.94
CUST_02786,691,31,7,1480.93,123983.47,0.23
CUST_02787,1021,10,5,24129.39,367763.22,0.16
CUST_02788,1067,31,5,9144.71,447219.79,0.16
CUST_02789,1156,38,0,21863.26,169120.0,0.66
CUST_02790,1135,36,7,19590.6,122408.14,0.95
CUST_02791,1250,1,4,18648.47,12428.18,0.96
CUST_02792,1133,7,3,24943.1,376940.67,0.97
CUST_02793,446,29,7,22954.23,371028.53,0.4
CUST_02794,661,25,1,7052.58,289122.23,0.94
CUST_02795,487,12,7,24109.65,465424.9,0.79
CUST_02796,249,5,1,22508.32,169715.18,0.77
CUST_02797,1424,18,0,5123.09,300243.47,0.4
CUST_02798,1148,14,6,3096.55,421516.84,0.33
CUST_02799,1014,32,6,17159.78,420961.51,0.22
CUST_02800,1130,1,4,2213.94,297036.48,0.27
CUST_02801,412,36,4,9061.58,14574.05,0.6
CUST_02802,293,25,1,18834.61,37514.37,0.18
CUST_02803,1460,27,1,5281.28,38123.45,0.12
CUST_02804,106,23,6,12667.21,490823.72,0.85
CUST_02805,707,1,4,8620.19,52904.61,0.62
CUST_02806,700,11,6,24145.1,75481.69,0.84
CUST_02807,218,5,4,14923.99,270518.24,0.54
CUST_02808,571,23,5,1890.06,50730.92,0.48
CUST_02809,859,19,1,6346.83,287610.49,0.79
CUST_02810,1355,5,2,13242.16,68302.55,0.12
CUST_02811,694,29,1,20880.58,401377.91,0.19
CUST_02812,1073,4,4,15973.89,336530.74,0.71
CUST_02813,1354,37,7,13852.32,100594.16,0.12
CUST_02814,155,15,4,16521.26,74203.59,0.86
CUST_02815,420,19,3,18959.71,440265.34,0.97
CUST_02816,709,1,5,7098.87,432380.28,0.65
CUST_02817,977,24,1,14945.97,61248.44,0.39
CUST_02818,606,20,5,20075.4,486106.1,0.29
CUST_02819,609,38,4,2996.97,89920.02,0.14
CUST_02820,79,24,0,8123.69,64046.11,0.54
CUST_02821,1450,11,3,24372.85,344744.38,0.91
CUST_02822,1293,14,4,20725.02,79002.29,0.41
CUST_02823,1396,4,5,14200.42,125426.8,0.84
CUST_02824,1433,14,4,12305.31,211589.76,0.2
CUST_02825,1203,38,0,8289.64,176412.49,0.16
CUST_02826,1086,38,1,16663.67,186242.6,0.68
CUST_02827,1473,36,6,18312.12,345585.77,0.2
CUST_02828,929,37,4,18973.61,261029.91,0.36
CUST_02829,887,17,7,3220.48,185613.28,0.24
CUST_02830,1281,38,5,22203.28,366220.2,0.6
CUST_02831,454,37,2,12929.72,318537.71,0.69
CUST_02832,597,15,1,4168.86,320056.05,0.89
CUST_02833,1126,24,1,19309.52,160742.4,0.86
CUST_02834,383,15,2,21560.0,8692.06,0.2
CUST_02835,784,21,1,2018.67,248685.82,0.53
CUST_02836,717,10,4,3562.83,64183.29,0.83
CUST_02837,579,31,6,20465.02,466201.65,0.89
CUST_02838,469,13,0,1284.03,497787.26,0.64
CUST_02839,1339,38,0,11613.19,376428.36,0.81
CUST_02840,449,24,6,7615.02,314034.91,0.48
CUST_02841,1224,26,1,17797.25,45765.98,0.68
CUST_02842,779,36,5,13697.13,111881.4,0.23
CUST_02843,307,12,5,20354.97,406817.89,0.68
CUST_02844,1419,4,2,10283.55,351225.9,0.13
CUST_02845,969,18,2,22391.14,262720.1,0.22
CUST_02846,433,3,2,6472.36,244770.66,0.73
CUST_02847,1092,35,5,13624.03,259352.59,0.11
CUST_02848,1336,22,5,14518.84,297473.66,0.38
CUST_02849,967,9,2,23495.31,136672.27,0.56
CUST_02850,1313,39,6,22244.26,425793.13,0.49
CUST_02851,740,35,7,11184.14,338522.1,0.26
CUST_02852,256,10,0,21434.0,240511.55,0.84
CUST_02853,867,12,3,23760.04,76681.81,0.17
CUST_02854,372,7,7,22562.69,270865.33,0.75
CUST_02855,36,23,2,1801.29,449241.57,0.37
CUST_02856,410,22,4,20585.5,349678.64,0.72
CUST_02857,908,14,2,12378.73,399167.75,0.61
CUST_02858,1168,4,3,983.94,70593.27,0.61
CUST_02859,792,34,7,2021.78,430065.88,0.8
CUST_02860,979,35,6,6127.23,187711.38,0.26
CUST_02861,909,32,2,20396.81,3236.36,0.55
CUST_02862,598,27,2,2377.52,91481.6,0.53
CUST_02863,1352,16,7,4875.02,103018.74,0.31
CUST_02864,589,12,0,13272.89,362324.52,0.12
CUST_02865,641,20,2,17934.37,19360.07,0.44
CUST_02866,1217,34,4,21077.49,432041.13,0.21
CUST_02867,693,13,7,7632.25,77051.05,0.22
CUST_02868,1436,21,3,6240.65,154027.65,0.97
CUST_02869,145,38,0,9499.93,229355.69,0.39
CUST_02870,333,20,6,20249.96,355205.07,0.71
CUST_02871,463,10,3,10761.05,93980.4,0.43
CUST_02872,1124,15,1,19874.44,46942.95,0.15
CUST_02873,1378,1,2,14674.65,222411.72,0.12
CUST_02874,742,19,6,19815.7,330138.82,0.87
CUST_02875,1024,32,6,19448.31,203043.7,0.96
CUST_02876,136,37,7,19084.4,262065.83,0.93
CUST_02877,95,32,4,19689.48,227837.17,0.54
CUST_02878,816,38,0,14777.17,149773.34,0.23
CUST_02879,1444,24,7,20418.35,322896.26,0.43
CUST_02880,1360,22,7,20277.93,285810.38,0.11
CUST_02881,138,20,0,13309.23,463429.71,0.13
CUST_02882,1242,39,3,1242.39,215479.03,0.16
CUST_02883,663,6,3,6774.64,216807.88,0.21
CUST_02884,267,39,3,11113.65,277735.76,0.82
CUST_02885,621,29,6,1732.57,272856.19,0.17
CUST_02886,1191,37,5,14057.1,67601.03,0.36
CUST_02887,1396,26,4,19303.66,353748.6,0.14
CUST_02888,653,12,7,8660.6,228089.74,0.41
CUST_02889,1158,14,5,9032.64,360031.33,0.5
CUST_02890,464,25,3,10783.52,73638.31,0.85
CUST_02891,877,37,2,20672.6,497132.41,0.25
CUST_02892,206,15,7,4485.83,237134.3,0.97
CUST_02893,626,31,3,10450.26,301424.78,0.67
CUST_02894,1011,18,4,9288.81,31709.78,0.87
CUST_02895,162,18,2,8005.7,453071.65,0.63
CUST_02896,624,22,5,24836.01,44252.6,0.88
CUST_02897,330,3,1,22895.95,486716.22,0.34
CUST_02898,989,32,4,14145.13,190415.87,0.14
CUST_02899,1090,23,2,10309.08,20926.16,0.85
CUST_02900,217,37,7,18732.77,110300.14,0.16
CUST_02901,1314,9,4,17025.92,473996.94,0.67
CUST_02902,47,16,7,22584.84,25833.83,0.57
CUST_02903,37,25,4,22695.07,479440.33,0.12
CUST_02904,1420,17,2,23373.64,378826.15,0.19
CUST_02905,889,2,3,12524.32,236212.71,0.96
CUST_02906,659,21,5,23565.19,438617.43,0.29
CUST_02907,657,13,5,10176.51,181042.61,0.84
CUST_02908,1297,11,4,11176.87,72089.11,0.68
CUST_02909,1258,33,2,14824.95,115476.58,0.68
CUST_02910,1482,30,0,8427.85,299498.75,0.27
CUST_02911,749,6,1,13278.38,340155.32,0.78
CUST_02912,608,8,7,7901.41,64086.69,0.78
CUST_02913,1191,12,1,10355.17,249786.04,0.58
CUST_02914,662,6,7,11622.6,424465.27,0.78
CUST_02915,239,30,7,24630.34,444753.45,0.79
CUST_02916,907,6,0,19210.07,442009.74,0.73
CUST_02917,1203,28,7,3840.75,84880.63,0.25
CUST_02918,303,27,1,12204.02,22192.98,0.52
CUST_02919,558,22,3,1426.39,212106.35,0.87
CUST_02920,1494,6,1,18426.44,497382.09,0.84
CUST_02921,640,28,2,16548.22,107368.94,0.21
CUST_02922,1461,1,4,24775.66,78807.2,0.33
CUST_02923,1454,16,0,19268.06,426609.25,0.8
CUST_02924,1301,6,5,13196.13,5402.47,0.54
CUST_02925,529,12,3,8974.83,11265.16,0.98
CUST_02926,493,13,7,12470.9,444717.79,0.41
CUST_02927,105,31,4,11260.86,163407.58,0.15
CUST_02928,889,32,5,16777.03,287694.32,0.38
CUST_02929,1322,12,7,7048.13,205084.27,0.73
CUST_02930,821,14,0,734.53,134737.85,0.44
CUST_02931,229,22,1,17997.01,246773.36,0.68
CUST_02932,418,30,6,5695.42,271662.65,0.43
CUST_02933,301,37,5,870.56,258739.72,0.54
CUST_02934,350,26,0,24669.98,136721.67,0.54
CUST_02935,958,10,7,13960.03,324712.22,0.45
CUST_02936,569,18,1,5466.9,313646.61,0.17
CUST_02937,343,16,4,14007.09,390076.05,0.21
CUST_02938,791,23,1,17163.99,154417.35,0.6
CUST_02939,1224,14,6,1501.1,338138.26,0.81
CUST_02940,907,39,2,5012.57,403782.71,0.69
CUST_02941,1242,5,7,7315.67,62877.49,0.93
CUST_02942,617,8,1,596.63,270918.99,0.62
CUST_02943,222,5,0,9890.96,128302.58,0.46
CUST_02944,603,3,5,16007.97,391268.51,0.58
CUST_02945,331,10,1,11128.95,34061.09,0.96
CUST_02946,802,24,6,15453.27,48747.42,0.42
CUST_02947,357,16,0,21357.01,290336.54,0.57
CUST_02948,1423,34,2,24242.45,63564.06,0.24
CUST_02949,836,2,0,7992.63,400316.87,0.57
CUST_02950,907,18,5,10940.13,169369.94,0.69
CUST_02951,161,10,1,3100.94,217429.8,0.51
CUST_02952,837,19,6,14959.1,205513.2,0.54
CUST_02953,355,15,3,3778.23,413670.31,0.79
CUST_02954,362,37,6,14394.91,442213.04,0.12
CUST_02955,624,22,4,9022.91,229905.68,0.98
CUST_02956,1105,2,5,21527.74,434364.21,0.52
CUST_02957,758,7,3,18542.42,133309.35,0.12
CUST_02958,1007,4,4,24233.51,313195.17,0.45
CUST_02959,883,8,2,22277.99,262306.17,0.58
CUST_02960,217,9,4,15850.31,337245.14,0.29
CUST_02961,328,4,4,24364.9,195779.62,0.92
CUST_02962,98,31,0,20289.25,470233.84,0.23
CUST_02963,1386,18,7,1235.99,309526.12,0.22
CUST_02964,757,22,7,6593.37,243406.27,0.55
CUST_02965,1157,34,3,9860.8,452991.79,0.36
CUST_02966,1401,28,3,20668.01,408350.87,0.81
CUST_02967,1393,36,5,12210.74,242950.87,0.9
CUST_02968,1006,9,4,11464.6,260026.77,0.83
CUST_02969,945,36,4,11034.68,209450.36,0.78
CUST_02970,544,2,7,5837.06,180195.86,0.31
CUST_02971,1278,5,1,19729.34,182885.98,0.99
CUST_02972,563,21,0,12703.87,323236.71,0.29
CUST_02973,1401,39,0,21106.21,142995.86,0.62
CUST_02974,777,29,1,23112.76,370798.32,0.38
CUST_02975,750,23,7,10564.32,192785.17,0.76
CUST_02976,752,33,7,20613.06,207198.12,0.11
CUST_02977,126,12,7,20525.17,100932.81,0.62
CUST_02978,823,9,6,22275.93,219243.28,0.17
CUST_02979,668,35,3,7239.15,282721.16,0.17
CUST_02980,1392,33,7,4947.84,166263.2,0.46
CUST_02981,387,13,4,10045.12,35507.27,0.41
CUST_02982,340,1,2,17972.46,404654.73,0.51
CUST_02983,1211,4,5,13909.58,58241.45,0.95
CUST_02984,143,7,6,15243.58,196671.8,0.21
CUST_02985,241,17,7,18480.53,256976.44,0.76
CUST_02986,549,37,6,6452.2,286347.81,0.12
CUST_02987,635,10,5,3451.5,216919.75,0.21
CUST_02988,171,25,1,9834.97,463362.88,0.69
CUST_02989,1409,18,5,21020.36,184067.33,0.78
CUST_02990,141,15,7,8822.76,69638.5,1.0
CUST_02991,411,17,4,15837.77,209958.49,0.48
CUST_02992,1121,30,0,19662.64,166891.41,0.63
CUST_02993,978,24,6,3577.25,405967.79,0.71
CUST_02994,917,12,7,21975.37,52787.18,0.45
CUST_02995,756,5,5,21605.15,336076.84,0.86
CUST_02996,140,20,0,18963.6,364727.96,0.41
CUST_02997,938,28,1,21340.44,181124.76,0.23
CUST_02998,1074,23,5,13475.16,255893.8,0.59
CUST_02999,1469,12,0,8106.47,444415.64,0.6
CUST_03000,389,25,0,13859.67,99841.79,0.59
CUST_03001,320,27,5,1396.74,398421.39,0.46
CUST_03002,1034,28,5,5189.94,460462.93,0.5
CUST_03003,957,23,5,6669.25,283136.29,0.55
CUST_03004,1168,5,0,4534.38,492206.27,0.52
CUST_03005,1077,36,7,12934.53,353637.17,0.27
CUST_03006,478,29,6,23138.79,52694.98,0.59
CUST_03007,1095,1,6,16463.52,244263.64,0.43
CUST_03008,1498,9,4,17031.17,364150.1,0.71
CUST_03009,1155,33,2,9781.71,236449.64,0.88
CUST_03010,340,19,1,798.81,80140.4,0.68
CUST_03011,758,22,2,3839.76,223257.31,0.42
CUST_03012,897,6,6,19463.78,42910.76,0.9
CUST_03013,97,36,7,3758.97,335689.04,0.31
CUST_03014,30,1,1,3016.49,182465.9,0.62
CUST_03015,885,28,1,17390.18,15490.91,0.66
CUST_03016,484,33,0,23347.42,113526.05,0.65
CUST_03017,468,16,5,5851.54,139885.21,0.26
CUST_03018,774,18,7,10005.73,335293.24,0.52
CUST_03019,909,24,3,23212.55,106533.88,0.6
CUST_03020,943,36,5,14376.62,303231.94,0.43
CUST_03021,823,6,5,10183.59,296833.15,0.54
CUST_03022,1053,32,3,21458.18,422090.28,0.19
CUST_03023,330,15,6,4904.21,280693.86,0.88
CUST_03024,479,3,4,3462.0,237848.22,0.6
CUST_03025,915,11,5,18682.61,451767.17,0.11
CUST_03026,601,22,4,10619.47,432193.78,0.2
CUST_03027,1266,9,5,14355.45,18801.53,0.56
CUST_03028,1471,31,0,23787.51,104349.62,0.74
CUST_03029,894,32,6,24626.19,455656.75,0.13
CUST_03030,1107,7,4,978.88,137574.06,0.34
CUST_03031,511,11,1,3127.27,60822.15,0.93
CUST_03032,1237,27,7,5900.93,18557.49,0.15
CUST_03033,198,26,6,21314.91,477234.92,0.29
CUST_03034,1195,12,0,6412.45,300635.96,0.33
CUST_03035,165,31,5,18426.34,165803.43,0.21
CUST_03036,432,35,4,1469.54,98793.38,0.62
CUST_03037,508,38,2,2981.32,374895.89,0.37
CUST_03038,788,7,1,2396.91,136338.92,0.79
CUST_03039,1277,23,3,3206.61,88753.08,0.8
CUST_03040,1476,17,1,4146.43,384665.01,0.75
CUST_03041,1330,3,6,2114.08,142674.78,0.32
CUST_03042,1211,25,2,14204.4,176686.16,0.65
CUST_03043,723,8,7,13189.14,217604.12,0.27
CUST_03044,390,36,4,19950.42,382038.58,0.22
CUST_03045,1053,25,3,7506.35,439291.57,0.35
CUST_03046,1005,14,7,21559.34,49707.39,0.32
CUST_03047,410,26,3,16084.1,203533.95,0.97
CUST_03048,169,26,7,1478.4,74655.8,0.41
CUST_03049,404,29,7,4914.81,310212.41,0.93
CUST_03050,512,20,7,9582.13,289251.34,0.49
CUST_03051,714,5,4,10573.54,392603.78,0.92
CUST_03052,92,15,5,1925.02,405038.77,0.96
CUST_03053,963,16,2,14690.77,159147.57,0.65
CUST_03054,1272,34,1,9257.69,467940.73,0.61
CUST_03055,34,36,6,20856.89,287338.21,0.52
CUST_03056,182,25,3,4810.15,308677.33,0.31
CUST_03057,455,19,5,10079.36,477164.28,0.93
CUST_03058,693,34,0,12304.29,204135.4,0.69
CUST_03059,178,9,1,23422.83,424165.92,0.93
CUST_03060,215,11,0,2454.44,369659.85,0.46
CUST_03061,1493,23,0,8908.09,416665.87,0.73
CUST_03062,785,10,6,17386.12,33520.83,0.97
CUST_03063,429,27,0,15929.44,491811.81,0.89
CUST_03064,961,20,4,15208.97,465681.15,0.87
CUST_03065,1210,2,7,13701.07,96790.04,0.58
CUST_03066,654,17,3,18547.08,15767.21,0.44
CUST_03067,1465,11,0,19633.57,373329.1,0.15
CUST_03068,559,31,2,24531.65,10987.33,0.59
CUST_03069,527,12,0,12357.45,29763.71,0.94
CUST_03070,870,33,6,11813.03,163462.84,0.79
CUST_03071,245,16,0,11900.31,39225.2,0.74
CUST_03072,500,38,2,4057.28,71800.69,0.99
CUST_03073,71,39,6,5923.86,311476.63,0.11
CUST_03074,1481,38,5,16878.3,489609.07,0.58
CUST_03075,1110,23,1,8181.65,443683.86,0.14
CUST_03076,288,1,7,562.0,430966.92,0.51
CUST_03077,773,29,2,17080.16,244276.26,0.14
CUST_03078,432,33,1,18092.01,415149.0,0.28
CUST_03079,509,33,3,631.1,421852.43,0.95
CUST_03080,873,27,4,1104.69,187386.69,0.67
CUST_03081,186,17,7,7495.18,404484.5,0.93
CUST_03082,1499,13,2,10154.27,392960.23,0.54
CUST_03083,1376,27,6,4076.35,422550.39,0.28
CUST_03084,172,33,1,7330.99,159574.92,0.38
CUST_03085,231,39,6,22108.93,154378.99,0.72
CUST_03086,84,19,2,1374.95,200822.17,0.22
CUST_03087,526,18,5,5631.9,354985.98,0.94
CUST_03088,1129,34,2,2191.68,332334.01,0.92
CUST_03089,1358,14,0,24484.07,298155.8,0.75
CUST_03090,173,8,0,13707.1,478585.32,0.91
CUST_03091,1033,14,5,17428.5,414834.4,0.13
CUST_03092,378,34,5,23748.61,6599.22,0.28
CUST_03093,174,10,7,14449.79,84043.67,0.9
CUST_03094,374,18,0,5934.62,459891.23,0.73
CUST_03095,276,1,7,22756.67,394914.57,0.78
CUST_03096,892,26,6,15858.13,370668.01,0.85
CUST_03097,585,10,1,2016.84,254780.38,0.17
CUST_03098,505,6,3,23853.27,92384.55,0.65
CUST_03099,135,2,7,4778.43,165893.23,0.58
CUST_03100,1184,8,2,12615.08,96147.3,0.6
CUST_03101,1404,8,6,7797.46,310852.1,0.48
CUST_03102,86,31,0,2104.89,295084.94,0.9
CUST_03103,1455,29,7,6015.89,279677.49,0.81
CUST_03104,1108,24,0,22381.27,362505.75,0.52
CUST_03105,1061,38,3,7427.59,407512.57,0.36
CUST_03106,729,9,0,17787.12,31612.43,0.91
CUST_03107,850,17,3,19999.87,355203.71,0.57
CUST_03108,76,22,5,23276.56,394598.34,0.51
CUST_03109,833,11,1,13802.24,460063.29,0.99
CUST_03110,1221,10,5,7709.79,25218.19,0.77
CUST_03111,294,35,0,16197.75,122614.85,0.12
CUST_03112,426,6,6,19236.81,469459.16,0.48
CUST_03113,762,12,2,7592.14,369893.31,0.82
CUST_03114,511,13,4,20011.75,107642.77,0.34
CUST_03115,1248,10,3,8249.14,77923.87,0.51
CUST_03116,140,32,6,22413.88,222423.95,0.69
CUST_03117,361,24,0,11744.22,330426.15,0.82
CUST_03118,483,27,1,10142.76,317302.35,0.87
CUST_03119,383,23,3,10095.12,56497.07,0.13
CUST_03120,939,2,2,17796.47,330532.83,0.2
CUST_03121,542,16,2,14370.62,328699.97,0.52
CUST_03122,1031,10,2,2388.28,23077.89,0.58
CUST_03123,463,8,7,17241.05,340807.99,0.6
CUST_03124,1045,21,6,16539.59,285654.42,1.0
CUST_03125,457,18,0,13793.85,351617.09,1.0
CUST_03126,975,28,3,12408.68,421161.9,0.53
CUST_03127,1431,13,2,21942.72,442004.95,0.2
CUST_03128,1107,4,0,24447.1,339321.01,0.47
CUST_03129,1281,28,3,15945.73,83616.19,0.46
CUST_03130,929,28,7,22464.27,144940.72,0.32
CUST_03131,1263,39,0,16111.25,136612.58,0.46
CUST_03132,478,1,4,19422.51,120779.17,0.76
CUST_03133,788,9,4,24584.11,123161.05,0.44
CUST_03134,819,1,2,12400.39,189966.64,0.73
CUST_03135,827,20,6,3863.06,311523.4,0.52
CUST_03136,1499,9,5,20537.85,455631.48,0.83
CUST_03137,1206,11,7,7154.96,432349.39,0.1
CUST_03138,984,16,2,390.07,380096.12,0.79
CUST_03139,1120,13,2,3212.29,116760.51,0.91
CUST_03140,1129,17,2,16442.49,146196.78,0.63
CUST_03141,83,24,1,15660.51,248520.41,0.37
CUST_03142,1278,34,7,23486.16,229919.01,0.94
CUST_03143,291,24,0,1394.1,294941.02,0.59
CUST_03144,614,5,3,1159.19,396762.23,0.64
CUST_03145,657,24,7,787.08,379148.2,0.43
CUST_03146,1147,34,2,2051.43,383985.84,0.16
CUST_03147,113,7,6,18158.95,197229.99,0.3
CUST_03148,447,26,1,9171.59,192292.47,0.53
CUST_03149,1395,15,4,1263.09,375593.92,0.95
CUST_03150,1195,31,5,17902.73,458980.02,0.7
CUST_03151,1210,14,6,3911.94,418575.62,0.48
CUST_03152,462,15,7,11583.36,413100.86,0.38
CUST_03153,449,3,2,16726.69,134135.09,0.21
CUST_03154,1363,16,6,8913.32,442158.76,0.7
CUST_03155,1064,20,5,16525.53,372599.82,0.51
CUST_03156,638,15,1,18032.49,455526.73,0.41
CUST_03157,385,3,1,16175.72,17565.05,1.0
CUST_03158,484,16,7,9981.93,323321.16,0.49
CUST_03159,1045,7,2,8724.48,128797.44,0.89
CUST_03160,214,2,6,5235.58,405697.04,0.24
CUST_03161,1496,3,7,21797.86,348380.42,0.32
CUST_03162,686,20,4,7127.34,284795.24,0.51
CUST_03163,731,34,6,17495.53,480258.21,0.26
CUST_03164,629,22,2,3102.47,27654.92,0.65
CUST_03165,462,4,3,18246.0,355800.34,0.44
CUST_03166,775,33,2,5049.61,35194.47,0.88
CUST_03167,628,38,3,2366.49,137382.87,0.37
CUST_03168,580,36,4,4792.45,85623.41,0.88
CUST_03169,709,1,4,17311.64,446045.71,0.67
CUST_03170,116,17,4,23553.21,446042.23,0.62
CUST_03171,329,13,6,9331.36,23693.5,0.63
CUST_03172,1102,10,0,13403.5,278629.38,0.54
CUST_03173,1429,2,6,10197.15,70241.22,0.2
CUST_03174,329,9,7,8364.47,468291.74,0.45
CUST_03175,1393,14,7,4803.14,486946.29,0.56
CUST_03176,1277,5,1,8741.41,163558.29,0.13
CUST_03177,1336,12,5,20808.03,162975.45,0.48
CUST_03178,842,26,7,5817.27,17609.49,0.55
CUST_03179,698,1,2,8910.2,247264.98,0.47
CUST_03180,1090,33,4,1222.59,250631.99,0.87
CUST_03181,1178,37,4,18510.05,214386.11,0.21
CUST_03182,953,9,2,24550.89,185507.94,0.66
CUST_03183,1306,20,1,3526.41,467043.11,0.23
CUST_03184,1342,1,3,23937.31,231424.88,0.13
CUST_03185,1276,36,0,20956.85,204688.35,0.34
CUST_03186,1114,7,7,15593.25,310173.96,0.13
CUST_03187,899,36,7,13891.52,148735.65,0.36
CUST_03188,1344,25,1,8435.87,184698.66,0.14
CUST_03189,1415,12,3,3839.47,68288.33,0.33
CUST_03190,1393,18,0,14280.07,352441.41,0.77
CUST_03191,1330,35,7,14856.66,71911.37,0.33
CUST_03192,771,38,5,17074.46,246254.16,0.79
CUST_03193,972,39,4,3745.66,141330.24,0.28
CUST_03194,439,3,1,19069.0,242728.31,0.58
CUST_03195,759,28,0,18000.8,213560.54,0.27
CUST_03196,386,21,3,19275.1,133100.02,0.38
CUST_03197,557,22,1,428.75,466874.64,0.56
CUST_03198,357,23,1,11837.46,417652.06,0.26
CUST_03199,835,32,0,9017.2,120882.53,0.96
CUST_03200,1436,13,7,7846.62,111178.21,0.74
CUST_03201,1446,14,7,10018.97,482446.74,0.61
CUST_03202,544,32,6,14338.18,445265.93,0.78
CUST_03203,352,36,0,308.15,236659.47,0.13
CUST_03204,220,31,4,11974.82,31507.68,0.57
CUST_03205,1099,30,0,16938.74,146545.2,0.51
CUST_03206,1158,1,7,19862.87,496690.38,0.97
CUST_03207,61,39,1,10271.3,286057.19,0.11
CUST_03208,719,3,1,17656.67,373129.91,0.33
CUST_03209,1107,5,7,24013.65,34696.57,0.49
CUST_03210,333,36,3,13836.42,191554.0,0.83
CUST_03211,249,6,1,1057.29,75859.66,0.61
CUST_03212,1122,4,5,9191.05,320030.04,0.93
CUST_03213,980,11,3,19181.49,379034.33,0.57
CUST_03214,542,16,1,1564.14,362778.41,0.12
CUST_03215,423,25,2,9213.86,410429.19,0.44
CUST_03216,1079,8,1,7253.92,27634.37,0.72
CUST_03217,227,35,1,6641.58,306013.44,0.39
CUST_03218,527,15,2,15631.56,441160.65,0.42
CUST_03219,904,38,0,22612.69,182014.83,0.21
CUST_03220,98,5,0,18992.46,418632.74,0.61
CUST_03221,189,29,5,23792.37,409071.16,0.88
CUST_03222,761,11,1,17632.88,220087.47,0.36
CUST_03223,1197,20,2,14978.06,284824.06,0.2
CUST_03224,1042,1,4,8409.31,236531.73,0.82
CUST_03225,1445,27,2,17608.21,280683.53,0.16
CUST_03226,1265,36,0,22132.37,468590.26,0.41
CUST_03227,1293,23,0,24087.11,405266.71,0.11
CUST_03228,1237,35,7,17736.53,276983.48,0.58
CUST_03229,119,1,4,11201.78,373439.96,0.94
CUST_03230,395,24,4,3056.45,343221.77,0.38
CUST_03231,1408,10,7,11460.91,97013.11,0.9
CUST_03232,381,15,7,2869.05,392862.04,0.73
CUST_03233,755,32,2,24168.44,79134.11,0.27
CUST_03234,553,37,1,14737.3,220381.52,0.37
CUST_03235,1415,6,4,5187.01,271478.95,0.64
CUST_03236,1196,32,3,623.98,410834.86,0.67
CUST_03237,343,27,5,20095.65,269811.39,0.37
CUST_03238,1411,8,0,23578.71,498662.99,0.35
CUST_03239,257,23,7,24675.48,125492.31,0.26
CUST_03240,99,12,5,22128.87,343333.81,0.34
CUST_03241,935,34,7,16874.01,323196.98,0.6
CUST_03242,888,9,5,15810.06,497036.93,0.58
CUST_03243,360,21,0,15903.88,382560.16,0.8
CUST_03244,172,7,1,3294.3,279857.33,0.26
CUST_03245,582,35,3,24203.53,51650.43,0.55
CUST_03246,999,32,7,16244.69,66396.82,0.74
CUST_03247,34,30,0,21542.41,180458.73,0.39
CUST_03248,1454,24,5,23840.94,121917.8,0.52
CUST_03249,1055,3,1,24123.53,304556.8,0.4
CUST_03250,230,20,5,14010.61,55294.89,0.94
CUST_03251,1186,26,3,24059.54,428741.6,0.15
CUST_03252,322,33,4,13701.48,220669.27,0.45
CUST_03253,794,17,2,8141.43,299502.75,0.45
CUST_03254,750,21,1,6126.75,26769.26,1.0
CUST_03255,581,25,4,8180.39,374668.81,0.38
CUST_03256,701,23,6,23109.86,300050.89,0.27
CUST_03257,1083,22,2,14245.23,32787.85,0.89
CUST_03258,341,6,1,14300.43,466181.62,0.34
CUST_03259,407,38,1,5535.39,266485.31,0.26
CUST_03260,1164,30,7,19850.86,404247.06,0.52
CUST_03261,834,2,7,20151.52,489637.31,0.82
CUST_03262,483,11,0,8212.94,98696.12,0.83
CUST_03263,1262,12,4,2702.85,127552.42,0.7
CUST_03264,516,9,1,10562.41,315876.08,0.45
CUST_03265,329,23,0,22100.67,112124.31,0.2
CUST_03266,855,39,6,10555.38,314713.48,0.92
CUST_03267,1421,19,0,5084.78,251644.91,0.49
CUST_03268,1342,36,1,5042.64,144498.3,0.98
CUST_03269,596,29,6,11336.34,432183.87,0.73
CUST_03270,728,9,1,16032.51,373483.42,0.93
CUST_03271,1119,22,3,8943.23,271963.24,0.45
CUST_03272,350,22,2,15642.02,203655.78,0.38
CUST_03273,399,18,0,18821.03,89528.8,0.11
CUST_03274,718,1,1,18960.83,5743.6,0.96
CUST_03275,699,24,5,1732.54,292181.24,0.41
CUST_03276,473,38,6,6734.04,428919.01,0.44
CUST_03277,1406,2,4,21839.72,197466.48,0.26
CUST_03278,869,33,4,9648.33,472613.65,0.29
CUST_03279,124,37,5,4120.48,241362.2,0.58
CUST_03280,1263,13,6,3316.18,228960.88,0.22
CUST_03281,1121,2,3,9038.76,319647.8,0.63
CUST_03282,803,31,5,4562.87,207114.12,0.53
CUST_03283,641,30,4,10441.46,193574.79,0.73
CUST_03284,273,22,4,11509.8,439783.92,0.91
CUST_03285,1237,13,1,14885.59,76684.9,0.32
CUST_03286,296,26,1,9519.4,253385.87,0.69
CUST_03287,577,39,2,18295.56,173146.44,0.7
CUST_03288,1038,6,0,10439.27,39931.33,0.9
CUST_03289,794,3,0,11265.16,298883.18,0.36
CUST_03290,806,15,1,11523.77,295886.58,0.58
CUST_03291,1459,10,1,17691.26,341666.55,0.45
CUST_03292,231,39,3,21885.91,164096.5,0.22
CUST_03293,217,15,3,21480.39,453427.74,0.47
CUST_03294,1183,38,0,15363.81,251577.87,0.75
CUST_03295,1407,10,0,16197.73,136205.91,0.21
CUST_03296,389,37,2,4489.72,348981.68,0.3
CUST_03297,898,11,7,14657.17,262747.49,0.83
CUST_03298,773,28,6,2343.65,384481.55,0.25
CUST_03299,480,4,6,14582.87,445941.35,0.54
CUST_03300,1161,6,1,19810.82,20620.42,0.49
CUST_03301,1101,10,1,18522.81,75862.07,0.55
CUST_03302,1381,23,4,4391.88,198167.32,0.38
CUST_03303,58,17,1,16366.94,336883.54,0.26
CUST_03304,815,39,7,11932.63,400612.46,0.51
CUST_03305,424,4,3,8963.6,108233.32,0.2
CUST_03306,541,33,5,5594.2,236043.51,0.51
CUST_03307,492,39,5,12175.3,462375.89,0.75
CUST_03308,626,13,6,8218.51,138011.3,0.47
CUST_03309,1097,13,5,13963.46,470858.92,0.93
CUST_03310,514,31,3,15967.15,404241.39,0.85
CUST_03311,1380,30,3,11963.26,197404.35,0.46
CUST_03312,1302,39,1,8385.14,492693.45,0.43
CUST_03313,71,32,4,1649.15,246031.37,0.18
CUST_03314,760,39,0,4141.84,481879.9,0.95
CUST_03315,552,8,7,20445.0,314095.36,0.1
CUST_03316,125,11,3,335.4,226121.88,0.24
CUST_03317,819,24,2,24914.1,150111.3,0.39
CUST_03318,331,38,0,4352.86,111462.91,0.24
CUST_03319,1026,11,5,21307.9,25027.24,0.55
CUST_03320,1116,22,7,462.83,112334.36,0.64
CUST_03321,1259,34,2,4324.03,136172.14,0.14
CUST_03322,136,17,4,23809.65,491197.83,0.69
CUST_03323,1473,28,7,9746.36,493740.85,0.73
CUST_03324,1470,21,1,10254.09,361554.49,0.72
CUST_03325,182,3,2,15163.58,499325.29,0.28
CUST_03326,451,39,7,11867.15,207510.52,0.62
CUST_03327,407,35,5,8595.6,91788.76,0.39
CUST_03328,1462,26,2,14654.35,407569.57,0.48
CUST_03329,459,12,2,14476.45,246405.2,0.76
CUST_03330,496,36,3,11420.1,114926.9,0.43
CUST_03331,858,10,2,10071.75,257873.43,0.84
CUST_03332,1492,18,3,21545.64,358023.09,0.91
CUST_03333,1287,28,4,15616.71,298500.29,0.87
CUST_03334,922,12,7,8343.97,16211.15,0.12
CUST_03335,1272,13,7,15253.02,308537.52,0.25
CUST_03336,1414,4,2,13079.33,16127.99,0.79
CUST_03337,336,18,1,16190.11,115479.92,0.24
CUST_03338,1447,2,1,18043.5,174924.78,0.63
CUST_03339,1067,17,1,19694.83,256844.03,0.83
CUST_03340,1215,23,5,8737.92,15403.55,0.46
CUST_03341,1224,33,3,24616.19,359690.7,0.18
CUST_03342,936,11,2,13753.8,246215.46,0.75
CUST_03343,825,12,1,4630.45,391527.77,0.7
CUST_03344,1267,24,1,7436.9,145869.98,0.29
CUST_03345,1184,36,0,14546.71,369966.32,0.17
CUST_03346,423,30,3,15266.97,241140.48,0.77
CUST_03347,443,11,3,23904.69,463607.49,0.34
CUST_03348,1470,6,2,17394.25,423119.96,0.42
CUST_03349,695,23,6,19134.38,368043.54,0.83
CUST_03350,54,38,5,20047.96,253265.03,0.44
CUST_03351,713,20,4,6606.25,319538.8,0.87
CUST_03352,810,5,3,5256.4,396865.77,0.49
CUST_03353,588,23,2,2163.2,417873.58,0.49
CUST_03354,678,12,4,21959.95,403401.92,0.32
CUST_03355,1482,10,6,15956.17,214196.35,0.91
CUST_03356,1285,32,5,16629.5,220144.43,0.42
CUST_03357,1130,18,3,6244.92,380087.8,0.61
CUST_03358,225,34,2,17847.37,46583.26,0.97
CUST_03359,1304,39,6,16308.51,454236.02,0.48
CUST_03360,648,36,0,9285.91,352088.94,0.26
CUST_03361,331,18,3,15157.91,82213.69,0.59
CUST_03362,1116,17,3,17182.37,38548.76,0.5
CUST_03363,1319,30,4,7395.47,39306.6,0.38
CUST_03364,878,17,2,16391.04,244949.0,0.58
CUST_03365,1312,28,7,18165.26,36263.43,0.71
CUST_03366,770,6,4,13102.77,324129.83,0.47
CUST_03367,334,32,2,5399.13,264193.08,0.28
CUST_03368,1458,34,7,2231.68,61687.87,0.8
CUST_03369,887,15,3,14907.76,15464.48,0.62
CUST_03370,230,38,3,15013.63,47700.98,0.28
CUST_03371,1248,9,1,22684.8,425375.68,0.84
CUST_03372,555,28,6,2302.91,384714.95,0.23
CUST_03373,238,8,5,9586.24,448631.68,0.12
CUST_03374,1358,24,7,20848.26,211257.19,0.9
CUST_03375,920,33,0,8900.51,51566.41,0.45
CUST_03376,1211,37,7,10955.72,189996.97,0.67
CUST_03377,184,27,1,1420.67,279098.67,0.16
CUST_03378,1100,39,7,20236.95,280885.93,0.94
CUST_03379,726,28,7,10985.59,114423.9,0.33
CUST_03380,1284,12,6,19150.71,287310.88,0.78
CUST_03381,1375,5,3,16462.43,436045.95,0.97
CUST_03382,76,10,4,13213.84,4841.2,0.85
CUST_03383,1288,20,3,14735.89,303656.23,0.66
CUST_03384,538,28,4,4179.35,225094.89,0.42
CUST_03385,1459,25,0,11899.83,438805.16,0.17
CUST_03386,1473,7,4,16715.11,470902.92,0.28
CUST_03387,1128,32,1,2058.64,443714.95,0.79
CUST_03388,1344,11,5,16641.08,82266.29,0.76
CUST_03389,1289,17,1,17299.23,489535.65,0.31
CUST_03390,963,24,2,15657.46,158155.21,0.25
CUST_03391,1269,31,6,11496.13,124341.31,0.33
CUST_03392,56,21,1,3737.12,486433.62,0.5
CUST_03393,519,23,3,4904.5,60975.58,0.88
CUST_03394,1286,32,5,24082.06,313838.98,0.81
CUST_03395,335,36,4,24313.87,489133.61,0.52
CUST_03396,1027,35,6,22273.15,455929.82,0.65
CUST_03397,1472,15,6,16646.99,413811.2,0.72
CUST_03398,1075,24,3,15656.65,295279.07,0.97
CUST_03399,1123,3,7,17508.83,468732.44,0.25
CUST_03400,618,27,0,12519.67,173975.23,0.39
CUST_03401,1389,16,1,4262.32,107376.09,0.66
CUST_03402,439,28,1,4584.51,105387.89,0.66
CUST_03403,1167,7,0,1099.5,45100.74,0.86
CUST_03404,167,16,7,16631.42,352039.07,0.22
CUST_03405,702,6,7,11398.6,447050.99,0.88
CUST_03406,978,31,1,20578.98,150904.52,0.83
CUST_03407,470,14,2,15349.65,58810.54,0.36
CUST_03408,1453,10,6,9251.58,374016.63,0.88
CUST_03409,814,27,5,19000.96,95872.82,0.4
CUST_03410,1423,33,7,21387.95,401512.58,0.7
CUST_03411,663,10,7,20922.87,152059.67,0.85
CUST_03412,339,13,6,2898.9,71371.37,0.98
CUST_03413,691,5,6,5617.14,359633.27,0.18
CUST_03414,211,19,4,6502.18,143179.97,0.68
CUST_03415,59,8,7,5333.71,16523.18,0.56
CUST_03416,766,34,4,854.44,495053.1,0.6
CUST_03417,726,10,2,14176.8,273499.57,0.96
CUST_03418,1393,34,2,1408.74,411505.49,0.85
CUST_03419,1186,29,3,20584.98,270347.49,0.37
CUST_03420,59,1,7,16177.75,52415.53,0.91
CUST_03421,477,20,4,19922.7,128983.78,0.58
CUST_03422,544,13,0,23917.29,212655.68,0.36
CUST_03423,1093,18,1,18753.03,116432.83,0.4
CUST_03424,138,2,3,15927.94,176911.4,0.17
CUST_03425,1293,30,2,22841.28,365535.48,0.85
CUST_03426,821,20,1,10846.07,451156.54,0.69
CUST_03427,635,20,4,7480.41,272319.64,0.35
CUST_03428,977,29,5,20070.13,242699.71,0.62
CUST_03429,552,7,2,10429.22,404298.2,0.79
CUST_03430,443,24,5,9548.15,104449.02,0.95
CUST_03431,1047,20,5,20095.33,360778.21,0.73
CUST_03432,261,35,5,11175.16,466009.76,0.23
CUST_03433,416,27,4,6083.97,186262.2,0.23
CUST_03434,1340,22,2,7874.21,189958.66,0.74
CUST_03435,394,27,7,20839.17,307927.4,0.73
CUST_03436,247,7,0,10845.77,20745.91,0.97
CUST_03437,885,30,0,24283.31,334046.57,0.97
CUST_03438,356,37,6,10857.66,119957.83,0.1
CUST_03439,1386,6,5,16744.58,404929.81,0.66
CUST_03440,406,19,1,20862.42,487674.47,0.68
CUST_03441,1363,20,6,331.04,466947.3,0.38
CUST_03442,1202,24,7,1601.03,147162.47,0.37
CUST_03443,1443,29,7,7315.51,14001.72,0.9
CUST_03444,1006,13,3,13818.13,315746.0,0.96
CUST_03445,194,1,5,11862.12,370518.66,0.85
CUST_03446,716,13,5,3673.2,9303.09,0.78
CUST_03447,951,3,1,21849.08,222450.63,0.31
CUST_03448,622,28,3,5105.54,420771.89,0.25
CUST_03449,647,37,2,14337.14,399264.4,0.57
CUST_03450,1149,37,2,20323.6,426973.59,0.73
CUST_03451,813,33,2,16687.08,108689.78,0.46
CUST_03452,379,10,0,13527.76,156948.61,0.3
CUST_03453,991,10,2,6586.56,349607.89,0.54
CUST_03454,532,25,1,4761.9,297681.73,0.48
CUST_03455,671,39,5,18398.68,99840.48,0.3
CUST_03456,232,26,7,18853.5,380433.3,0.45
CUST_03457,207,28,1,22498.06,89433.97,0.36
CUST_03458,145,17,5,24736.11,99058.63,0.63
CUST_03459,671,33,1,6419.08,204929.31,0.56
CUST_03460,1418,15,6,17961.29,374942.19,0.49
CUST_03461,1492,12,5,6714.86,243902.9,0.51
CUST_03462,292,20,2,18051.78,274008.55,0.5
CUST_03463,1199,10,1,11825.17,100824.57,0.6
CUST_03464,381,37,3,20437.2,64999.3,0.43
CUST_03465,665,13,0,1833.13,45839.1,0.85
CUST_03466,1472,30,2,19259.6,176911.04,0.9
CUST_03467,386,6,7,15007.61,388799.3,0.56
CUST_03468,372,1,5,12616.02,304637.05,0.91
CUST_03469,264,3,4,3187.77,385435.41,0.88
CUST_03470,85,6,0,12205.77,176788.26,0.54
CUST_03471,898,23,7,22656.81,101121.2,0.99
CUST_03472,1360,37,0,5236.55,7982.71,0.76
CUST_03473,866,35,5,5593.9,344000.82,0.64
CUST_03474,593,9,3,17523.95,317352.73,0.2
CUST_03475,834,39,3,11421.9,231049.23,0.52
CUST_03476,386,6,1,5926.91,402873.48,0.67
CUST_03477,402,6,1,12308.27,159556.03,0.23
CUST_03478,250,3,3,18259.19,496436.53,0.69
CUST_03479,1310,1,3,20621.09,58214.09,0.85
CUST_03480,1362,18,1,3209.84,46654.86,0.4
CUST_03481,404,28,3,18951.41,111278.08,0.55
CUST_03482,192,7,4,15675.34,238515.54,0.8
CUST_03483,1318,19,3,14703.06,20292.25,0.55
CUST_03484,1395,21,7,3791.57,219107.47,0.2
CUST_03485,1014,20,5,24423.52,225143.2,0.72
CUST_03486,1116,24,1,1898.19,73004.4,0.89
CUST_03487,1229,12,1,6322.45,175199.4,0.25
CUST_03488,198,27,6,3786.2,194242.26,0.5
CUST_03489,431,32,5,4713.72,148480.7,0.98
CUST_03490,468,33,5,12763.08,68736.35,0.74
CUST_03491,816,5,1,23111.51,497947.25,0.64
CUST_03492,945,27,2,20214.28,375332.99,0.77
CUST_03493,53,19,7,13508.07,347169.3,0.91
CUST_03494,973,23,7,2950.77,70679.56,0.56
CUST_03495,1077,22,6,24567.5,79195.47,0.59
CUST_03496,1394,8,1,5144.68,495085.02,0.37
CUST_03497,1104,10,3,5980.74,309427.22,0.16
CUST_03498,1221,20,2,9627.74,480687.69,0.39
CUST_03499,1498,15,5,2839.52,156972.3,0.9
CUST_03500,1381,11,0,5301.73,156319.07,0.63
CUST_03501,544,29,4,22338.1,350316.99,0.23
CUST_03502,1312,33,0,9084.14,214872.72,0.83
CUST_03503,239,38,3,496.47,461022.35,0.15
CUST_03504,1052,3,6,12154.16,302750.19,0.53
CUST_03505,1053,30,4,22045.35,425020.62,0.83
CUST_03506,1495,7,6,12786.88,347421.71,0.26
CUST_03507,1269,34,5,10200.07,38553.54,0.59
CUST_03508,1039,30,4,18561.6,271010.36,0.94
CUST_03509,503,14,3,1486.23,167944.34,0.73
CUST_03510,1448,10,6,22628.21,442075.28,0.56
CUST_03511,984,4,0,6107.92,317317.71,0.68
CUST_03512,773,20,0,3717.76,425191.93,0.95
CUST_03513,1113,5,7,19543.65,281476.99,0.99
CUST_03514,823,13,5,15624.24,35984.71,0.29
CUST_03515,1026,27,4,10467.77,54804.01,0.45
CUST_03516,146,13,1,6516.48,178262.52,0.24
CUST_03517,1005,20,0,15541.79,277191.48,0.18
CUST_03518,845,4,3,22002.18,21295.34,0.83
CUST_03519,641,9,1,23201.44,494977.54,0.62
CUST_03520,681,35,1,11372.45,49701.17,0.76
CUST_03521,108,1,5,12678.82,185080.07,0.2
CUST_03522,731,21,6,15493.76,434028.43,0.25
CUST_03523,1165,7,2,6999.17,397620.3,0.31
CUST_03524,772,9,4,21062.84,15761.84,0.43
CUST_03525,131,37,5,21262.59,85438.73,0.74
CUST_03526,599,18,1,6354.61,369171.05,0.51
CUST_03527,192,12,2,1419.68,181446.55,0.78
CUST_03528,284,10,0,9426.12,212196.48,0.61
CUST_03529,413,20,7,6465.62,466199.06,0.93
CUST_03530,40,6,6,11861.62,322836.92,0.6
CUST_03531,1346,20,1,4474.33,231043.91,0.65
CUST_03532,466,9,4,11555.95,229431.9,0.11
CUST_03533,843,10,3,20619.54,140084.78,0.57
CUST_03534,1426,14,4,23969.97,427482.26,0.17
CUST_03535,891,27,7,24872.79,151896.86,0.31
CUST_03536,702,38,1,14447.58,494329.28,0.17
CUST_03537,731,4,3,22881.51,245912.82,0.5
CUST_03538,350,23,0,4691.74,431030.64,0.58
CUST_03539,1256,17,0,13006.83,285176.43,0.12
CUST_03540,1374,31,4,21963.06,191150.01,0.63
CUST_03541,1379,3,1,12297.81,480410.17,0.53
CUST_03542,1469,5,1,22161.58,477486.64,0.96
CUST_03543,282,39,0,4812.42,62487.29,0.15
CUST_03544,523,10,4,9187.85,32444.68,0.64
CUST_03545,856,39,5,16481.19,232822.71,0.24
CUST_03546,1188,36,1,23583.41,171647.52,0.24
CUST_03547,1260,21,0,24741.88,122397.26,0.85
CUST_03548,225,14,3,7585.57,387139.07,0.89
CUST_03549,351,8,1,22540.01,154234.12,0.27
CUST_03550,860,39,4,8705.12,257603.51,0.87
CUST_03551,1128,33,4,15476.51,240606.55,0.64
CUST_03552,1414,3,1,16554.89,216920.52,0.71
CUST_03553,65,8,5,20119.35,315051.92,0.81
CUST_03554,520,38,5,9059.29,23970.53,0.99
CUST_03555,1049,28,0,9432.89,369539.96,0.36
CUST_03556,995,5,5,7735.83,242305.07,0.46
CUST_03557,842,31,5,3258.53,82497.88,0.68
CUST_03558,297,13,2,21083.83,283633.45,0.8
CUST_03559,955,6,3,5010.25,457892.93,0.33
CUST_03560,1344,37,0,15488.46,116263.95,0.6
CUST_03561,547,24,6,624.39,177876.35,0.77
CUST_03562,158,32,2,8955.44,497246.96,0.61
CUST_03563,773,12,7,15898.96,121956.54,0.35
CUST_03564,99,14,6,9985.57,362211.65,0.92
CUST_03565,1162,25,2,15386.3,159962.99,0.8
CUST_03566,31,27,1,6869.77,113942.8,0.96
CUST_03567,1034,14,1,7325.18,134356.24,0.89
CUST_03568,875,32,0,6948.91,303865.76,0.21
CUST_03569,331,33,3,21263.8,115704.93,0.84
CUST_03570,653,13,3,13924.59,137736.34,0.82
CUST_03571,388,36,0,9150.58,326991.83,0.31
CUST_03572,581,27,3,1006.67,460018.49,0.49
CUST_03573,86,16,6,10902.62,394314.35,0.74
CUST_03574,751,18,4,14452.93,498415.89,0.87
CUST_03575,1001,8,2,15368.96,313501.78,0.89
CUST_03576,785,16,0,11872.35,404683.71,0.93
CUST_03577,341,24,7,13922.81,350538.26,0.47
CUST_03578,759,23,7,7521.6,76877.8,0.81
CUST_03579,1114,34,7,16100.5,204427.87,0.71
CUST_03580,502,7,0,2841.92,4896.39,0.15
CUST_03581,1254,10,4,818.55,78812.38,0.8
CUST_03582,648,31,6,4329.55,167443.25,0.92
CUST_03583,1204,11,1,19292.16,177756.12,0.72
CUST_03584,1412,24,6,23562.54,286736.01,0.93
CUST_03585,71,29,1,13061.51,193185.23,0.15
CUST_03586,1128,30,7,2478.05,169092.83,0.46
CUST_03587,818,25,5,3273.4,60434.73,0.94
CUST_03588,1233,13,4,23043.92,54075.7,0.29
CUST_03589,825,9,1,13066.7,458730.5,0.2
CUST_03590,576,15,0,14150.45,329730.06,0.43
CUST_03591,1103,31,0,1508.12,198362.95,0.87
CUST_03592,1415,10,7,9702.38,264258.52,0.13
CUST_03593,438,1,7,19239.23,355307.76,0.76
CUST_03594,474,3,7,4789.17,49909.7,0.78
CUST_03595,1291,19,6,10353.17,287381.79,0.49
CUST_03596,394,2,1,13427.25,34769.91,0.43
CUST_03597,242,9,0,8284.2,469153.39,0.17
CUST_03598,1420,23,1,524.63,217470.21,0.42
CUST_03599,52,36,3,21108.04,201213.77,0.49
CUST_03600,1208,21,1,1185.8,75294.71,0.73
CUST_03601,621,35,4,5205.0,270221.95,0.26
CUST_03602,181,24,7,16529.03,68619.79,0.54
CUST_03603,952,38,0,407.7,161091.3,0.18
CUST_03604,744,16,2,13767.76,364185.01,0.66
CUST_03605,261,25,4,4979.57,305246.03,0.64
CUST_03606,314,21,6,14014.38,466466.23,0.4
CUST_03607,326,13,4,14589.24,90301.95,0.7
CUST_03608,1106,3,4,894.46,127556.46,0.38
CUST_03609,1009,7,0,8446.75,31963.48,0.53
CUST_03610,1136,2,2,7038.86,489146.05,0.71
CUST_03611,1010,28,6,19359.53,421678.67,0.74
CUST_03612,1285,36,3,17602.52,127289.12,0.83
CUST_03613,1179,22,7,21535.26,246691.5,0.6
CUST_03614,699,24,0,11388.49,31490.38,0.86
CUST_03615,625,4,6,1059.6,467252.9,0.23
CUST_03616,821,10,5,2930.46,419896.3,0.77
CUST_03617,1146,38,2,14064.76,342516.8,0.22
CUST_03618,983,4,0,21768.82,498956.75,0.63
CUST_03619,845,21,7,9107.35,383825.12,0.98
CUST_03620,1297,22,6,21760.19,434478.25,0.16
CUST_03621,1086,34,3,23006.62,473170.22,0.54
CUST_03622,1177,31,6,20688.29,225847.97,0.45
CUST_03623,349,13,4,20181.69,490520.17,0.45
CUST_03624,508,13,3,24600.6,217451.77,0.54
CUST_03625,208,24,0,699.76,39145.56,0.62
CUST_03626,857,36,6,20321.39,161913.09,0.56
CUST_03627,116,1,2,4238.66,253530.88,0.18
CUST_03628,1327,19,5,11679.3,403584.07,0.43
CUST_03629,1158,6,6,2239.4,291718.27,0.68
CUST_03630,1283,18,6,10342.22,259154.26,0.28
CUST_03631,1327,20,4,14771.54,394229.49,0.76
CUST_03632,357,1,6,18794.7,437261.74,0.89
CUST_03633,576,30,5,8736.32,155344.53,0.75
CUST_03634,1254,21,4,15645.17,270415.52,0.74
CUST_03635,987,12,1,16604.95,367134.27,0.91
CUST_03636,789,23,5,5140.13,463095.33,0.19
CUST_03637,1066,3,1,19562.11,335757.99,0.76
CUST_03638,747,39,4,17149.92,220391.1,0.99
CUST_03639,320,36,4,7532.48,347087.67,0.93
CUST_03640,277,36,5,14323.7,215398.8,0.84
CUST_03641,1227,9,7,2202.7,398438.34,0.93
CUST_03642,542,27,7,24712.38,300020.19,0.56
CUST_03643,1449,29,2,4357.63,457047.18,0.43
CUST_03644,1022,31,1,18347.39,486850.53,0.52
CUST_03645,404,29,0,19017.99,335673.19,0.5
CUST_03646,928,36,3,24757.9,409865.54,0.14
CUST_03647,646,35,4,9268.65,97966.17,0.43
CUST_03648,1103,12,0,16806.75,399979.13,0.3
CUST_03649,662,13,6,5933.77,12928.77,0.41
CUST_03650,1302,28,7,2611.56,200533.37,0.29
CUST_03651,442,13,1,19417.32,392553.31,0.31
CUST_03652,1211,22,3,929.64,345320.05,0.34
CUST_03653,425,32,3,3948.77,158139.86,0.63
CUST_03654,100,9,6,19495.45,463319.62,0.83
CUST_03655,293,18,2,14148.22,60823.05,0.29
CUST_03656,1377,9,3,18154.5,414313.24,0.35
CUST_03657,937,22,4,10918.33,359982.85,0.6
CUST_03658,437,29,0,2281.54,469777.38,0.59
CUST_03659,869,11,7,13002.08,45749.45,0.68
CUST_03660,1050,21,6,12957.24,386667.81,0.3
CUST_03661,358,16,2,17382.45,122938.38,0.77
CUST_03662,1310,10,1,12922.42,29364.13,0.29
CUST_03663,641,33,2,1455.4,487161.85,0.85
CUST_03664,46,4,5,13968.94,67265.56,0.41
CUST_03665,36,30,1,16814.61,8026.56,0.67
CUST_03666,81,34,5,4517.08,435293.47,0.48
CUST_03667,1063,25,1,22241.55,257857.5,0.77
CUST_03668,1103,34,6,21519.22,234549.31,0.29
CUST_03669,1371,33,3,24973.89,347768.42,0.24
CUST_03670,898,38,2,6625.84,112000.64,0.28
CUST_03671,867,24,2,5997.02,43534.91,0.38
CUST_03672,1038,12,2,18684.33,204830.79,1.0
CUST_03673,1044,11,7,5439.75,192710.39,0.59
CUST_03674,877,24,7,20310.13,384035.4,0.55
CUST_03675,1014,14,4,19993.91,336818.17,0.49
CUST_03676,202,26,2,8636.39,230549.86,0.72
CUST_03677,554,28,2,12746.26,78717.72,0.22
CUST_03678,906,37,6,8274.09,85303.1,0.95
CUST_03679,663,25,6,4091.38,30395.42,0.62
CUST_03680,1033,3,6,20824.62,294897.32,0.7
CUST_03681,1297,37,6,5685.01,480773.97,0.58
CUST_03682,714,26,5,7111.58,250142.42,0.38
CUST_03683,1202,1,4,5830.53,229416.93,0.2
CUST_03684,158,19,7,7935.62,344152.59,0.61
CUST_03685,1056,6,3,4340.07,32681.36,0.87
CUST_03686,957,24,3,22113.88,420765.86,0.41
CUST_03687,857,2,3,20171.88,222613.57,0.79
CUST_03688,1058,33,5,20825.87,354719.7,0.97
CUST_03689,1043,17,1,15517.38,442544.59,0.32
CUST_03690,1338,31,2,11026.22,48098.71,0.75
CUST_03691,89,21,1,18837.21,1620.48,0.79
CUST_03692,860,39,7,2393.46,232905.41,0.86
CUST_03693,100,22,7,4830.66,337193.73,0.92
CUST_03694,960,11,6,12783.9,159085.76,0.91
CUST_03695,1417,34,5,15115.79,398578.61,0.78
CUST_03696,416,21,3,5866.45,331013.57,0.52
CUST_03697,1017,10,1,21540.49,190851.65,0.97
CUST_03698,33,19,4,7344.33,69058.63,0.78
CUST_03699,1027,11,4,15972.62,381708.72,0.24
CUST_03700,1400,38,2,15310.75,288379.32,0.46
CUST_03701,800,21,3,982.12,405403.26,0.37
CUST_03702,1099,24,7,17092.91,498810.8,0.7
CUST_03703,1115,4,6,13066.16,444724.22,0.99
CUST_03704,383,14,3,24201.26,213401.07,0.28
CUST_03705,1114,29,3,10315.15,314175.75,0.79
CUST_03706,918,20,5,10446.31,273342.8,0.52
CUST_03707,241,4,3,9569.86,358932.28,0.46
CUST_03708,1278,28,4,21244.06,230591.55,0.64
CUST_03709,520,33,0,16545.78,407698.53,0.62
CUST_03710,958,3,5,24501.27,73351.03,0.46
CUST_03711,980,20,7,21141.65,409315.52,0.99
CUST_03712,852,14,1,24090.0,249755.23,0.65
CUST_03713,142,34,3,23478.8,333183.08,0.14
CUST_03714,580,37,6,6350.45,365608.01,0.18
CUST_03715,734,22,2,24856.09,56473.5,0.63
CUST_03716,117,31,2,22655.96,363159.07,0.77
CUST_03717,845,20,0,22065.95,375060.96,0.78
CUST_03718,72,34,6,4004.29,165517.75,0.22
CUST_03719,438,22,3,17398.71,230192.94,0.22
CUST_03720,712,18,4,17599.51,57757.77,0.85
CUST_03721,121,19,3,1792.64,233856.25,1.0
CUST_03722,228,15,7,13830.37,163287.42,0.18
CUST_03723,730,35,3,3864.27,166317.87,0.63
CUST_03724,1292,4,0,12604.23,228003.43,0.11
CUST_03725,1449,23,6,14377.63,375134.01,0.7
CUST_03726,1338,37,1,19423.29,303348.56,0.55
CUST_03727,1395,27,6,5733.51,304442.49,0.66
CUST_03728,484,30,2,12303.45,81825.67,0.85
CUST_03729,116,32,7,24396.74,363506.31,0.92
CUST_03730,187,38,6,17935.87,148050.3,0.6
CUST_03731,1143,3,3,13089.37,329150.86,0.56
CUST_03732,1099,10,0,12355.66,191337.71,0.85
CUST_03733,602,12,1,9390.34,112667.44,0.83
CUST_03734,275,31,7,17857.43,366146.26,0.26
CUST_03735,1392,21,5,21027.57,379822.08,0.64
CUST_03736,608,39,7,23601.48,201317.64,0.58
CUST_03737,845,11,0,8401.14,286760.59,0.25
CUST_03738,1490,19,5,22263.87,152733.22,0.69
CUST_03739,163,17,2,3276.97,381619.64,0.5
CUST_03740,714,7,4,4657.74,361107.62,0.66
CUST_03741,1265,29,2,1631.44,137743.99,0.77
CUST_03742,1290,35,3,21363.63,383809.4,0.41
CUST_03743,548,36,3,6706.34,371914.43,0.42
CUST_03744,377,30,5,17638.04,23509.39,0.45
CUST_03745,950,7,3,22320.51,36642.4,0.85
CUST_03746,50,34,2,20334.38,39661.55,0.74
CUST_03747,999,37,6,8626.04,380036.85,0.5
CUST_03748,362,8,6,20221.67,6091.89,0.36
CUST_03749,1488,29,0,18841.06,123153.73,0.1
CUST_03750,81,36,2,18225.69,167332.53,0.96
CUST_03751,404,16,5,19499.05,235093.83,0.78
CUST_03752,761,20,0,930.18,450024.15,0.1
CUST_03753,227,5,1,11798.21,61550.73,0.15
CUST_03754,323,36,6,13210.52,386194.12,0.21
CUST_03755,373,22,7,18535.04,16658.46,0.38
CUST_03756,115,35,0,19756.41,313319.22,0.4
CUST_03757,344,31,0,8663.35,397458.42,0.81
CUST_03758,1387,4,2,2313.41,415103.99,0.51
CUST_03759,912,39,4,8545.89,15395.35,0.21
CUST_03760,229,27,7,23391.94,494561.91,0.49
CUST_03761,760,2,3,2558.2,271914.09,0.18
CUST_03762,175,20,7,17390.71,445159.11,0.89
CUST_03763,741,32,1,16238.12,28435.96,0.17
CUST_03764,161,30,7,24649.63,128914.52,0.15
CUST_03765,1439,37,1,12366.83,287566.2,0.91
CUST_03766,475,36,2,3411.65,112841.96,0.2
CUST_03767,958,1,7,11264.27,449407.29,0.71
CUST_03768,550,29,5,9455.38,132993.59,0.16
CUST_03769,160,4,3,18171.0,166721.4,0.7
CUST_03770,461,1,4,23710.78,125575.4,0.95
CUST_03771,568,23,4,16279.4,434938.88,0.8
CUST_03772,626,12,4,1066.47,136423.95,0.76
CUST_03773,839,39,0,11451.03,193054.85,0.8
CUST_03774,63,37,2,23711.93,269571.89,0.13
CUST_03775,1011,32,1,18340.21,150939.02,0.62
CUST_03776,1352,4,7,2604.54,219299.44,0.12
CUST_03777,510,34,6,19384.92,245008.45,0.38
CUST_03778,959,9,2,24771.09,149467.25,0.18
CUST_03779,1268,32,6,22663.54,177240.61,0.29
CUST_03780,1314,24,5,18437.45,470303.38,0.18
CUST_03781,195,10,1,12600.36,271555.63,0.37
CUST_03782,569,36,6,10965.01,380895.57,0.84
CUST_03783,108,19,4,12508.85,56643.44,0.2
CUST_03784,673,15,6,20453.35,124106.0,0.49
CUST_03785,779,1,5,17340.85,271998.36,0.61
CUST_03786,677,13,6,2438.31,154623.78,0.91
CUST_03787,459,27,0,14474.98,97924.14,0.64
CUST_03788,719,33,6,1007.55,308808.08,0.47
CUST_03789,1353,16,7,7622.23,385857.35,0.91
CUST_03790,273,6,1,22746.89,456402.03,0.2
CUST_03791,1337,36,5,12809.63,462197.72,0.28
CUST_03792,787,39,3,4260.74,120025.19,0.52
CUST_03793,634,15,4,17373.64,130239.04,0.91
CUST_03794,1013,15,6,1522.11,440886.11,0.41
CUST_03795,133,24,2,16346.68,96481.04,0.47
CUST_03796,330,15,4,898.38,459459.08,0.45
CUST_03797,389,33,2,6417.87,342895.44,0.73
CUST_03798,1308,25,7,6637.1,458121.45,0.55
CUST_03799,633,38,1,21674.78,411389.77,0.21
CUST_03800,1313,37,3,16407.14,430314.82,0.23
CUST_03801,829,13,6,12161.12,43429.08,0.12
CUST_03802,205,37,1,21290.12,30892.45,0.3
CUST_03803,1349,5,3,20130.8,193892.38,0.28
CUST_03804,590,35,4,21508.54,79258.4,0.88
CUST_03805,666,4,4,3643.45,72301.08,0.78
CUST_03806,564,17,1,7244.44,492844.82,0.16
CUST_03807,1082,27,7,10661.67,61586.47,0.19
CUST_03808,1289,4,0,5091.31,493148.6,0.11
CUST_03809,242,4,3,3500.77,2038.24,0.94
CUST_03810,984,11,7,18810.66,323389.06,0.53
CUST_03811,1479,4,4,9272.31,113022.85,0.95
CUST_03812,1456,29,4,4751.77,255687.42,0.55
CUST_03813,1483,5,0,23674.03,486511.05,0.96
CUST_03814,604,30,6,7016.78,352808.52,0.98
CUST_03815,1050,1,6,2000.78,59741.38,0.92
CUST_03816,978,31,6,11364.17,25214.45,0.27
CUST_03817,409,17,1,10440.16,59980.21,0.25
CUST_03818,428,2,7,2590.77,454721.09,0.54
CUST_03819,743,7,7,2964.25,50530.81,0.87
CUST_03820,144,32,7,5620.92,414602.42,0.93
CUST_03821,858,5,3,17715.4,423276.78,0.31
CUST_03822,392,1,4,20034.37,69837.55,0.3
CUST_03823,649,21,4,16635.3,304427.15,0.2
CUST_03824,943,16,3,4279.41,298933.95,0.41
CUST_03825,395,11,5,9047.03,15427.0,0.98
CUST_03826,1348,36,3,9777.77,270147.9,0.44
CUST_03827,879,2,4,18661.63,373201.47,0.55
CUST_03828,1181,22,3,1108.54,124159.06,0.98
CUST_03829,478,37,0,4014.84,194483.02,0.52
CUST_03830,1440,19,7,16059.79,189698.83,0.66
CUST_03831,1449,9,2,7110.93,26435.06,0.92
CUST_03832,591,38,7,23566.98,321703.6,0.4
CUST_03833,212,28,1,4974.11,145445.37,0.9
CUST_03834,684,11,3,17884.23,161166.89,0.73
CUST_03835,847,23,2,6873.9,148964.34,0.28
CUST_03836,1349,11,4,16165.47,228228.5,0.6
CUST_03837,933,11,6,19667.14,11773.37,0.45
CUST_03838,1227,18,0,19872.58,349839.51,0.33
CUST_03839,504,22,4,9469.5,261599.38,0.15
CUST_03840,932,32,5,20775.29,136618.47,0.91
CUST_03841,1170,34,3,18899.09,367575.81,0.12
CUST_03842,686,5,5,17022.9,356663.75,0.99
CUST_03843,170,10,6,16262.65,282389.7,0.44
CUST_03844,1023,35,4,4504.3,12088.1,0.4
CUST_03845,291,4,5,10894.55,381338.19,0.96
CUST_03846,1097,39,2,23774.49,18674.07,0.77
CUST_03847,547,29,6,20345.36,267260.88,0.4
CUST_03848,47,16,0,10322.12,20896.94,0.43
CUST_03849,1185,6,7,4364.7,252031.16,0.55
CUST_03850,1389,34,3,9235.91,93996.25,0.4
CUST_03851,900,6,4,21802.4,192090.76,0.85
CUST_03852,841,16,2,17180.64,9798.07,0.58
CUST_03853,198,7,5,23790.76,331399.6,0.56
CUST_03854,874,29,6,20081.9,204189.23,0.39
CUST_03855,387,10,4,10965.03,444711.55,0.38
CUST_03856,1275,33,0,17200.71,277242.21,0.71
CUST_03857,612,24,7,22901.88,441143.21,0.13
CUST_03858,473,26,2,6082.09,96464.0,0.98
CUST_03859,176,22,6,6088.98,198876.45,0.5
CUST_03860,594,37,6,10588.4,163956.16,0.36
CUST_03861,804,36,5,4772.24,286287.83,0.41
CUST_03862,312,15,6,19826.68,118229.2,0.98
CUST_03863,684,30,1,20780.04,475751.35,0.24
CUST_03864,551,17,2,6766.0,346868.48,0.46
CUST_03865,1471,33,6,6706.72,367993.17,0.6
CUST_03866,175,7,3,23396.67,82401.06,0.11
CUST_03867,792,14,4,24443.15,391927.73,0.62
CUST_03868,643,5,1,24645.95,490250.36,1.0
CUST_03869,523,24,5,10071.3,14120.93,0.3
CUST_03870,1367,17,4,21692.53,179540.22,0.55
CUST_03871,1254,17,7,21530.36,295944.28,0.91
CUST_03872,1412,7,0,20493.02,190575.17,0.22
CUST_03873,1275,16,0,21195.2,322618.04,0.82
CUST_03874,1301,30,6,5231.31,292076.92,0.71
CUST_03875,353,5,2,20930.04,91963.98,0.79
CUST_03876,1346,15,5,8274.64,44989.17,0.15
CUST_03877,294,7,4,17555.8,170498.49,0.44
CUST_03878,534,33,7,19774.62,406828.82,0.3
CUST_03879,216,3,3,8473.52,361351.61,0.74
CUST_03880,142,37,4,4013.99,399652.26,0.61
CUST_03881,907,15,6,13777.4,434445.01,0.89
CUST_03882,961,17,2,22410.13,394283.86,0.21
CUST_03883,750,8,7,15010.1,393149.94,0.79
CUST_03884,1080,2,3,14312.55,116307.73,0.68
CUST_03885,78,36,0,12124.38,89656.45,0.89
CUST_03886,755,10,1,6784.63,86995.64,0.12
CUST_03887,986,13,2,2247.73,448542.77,0.92
CUST_03888,178,9,3,17129.73,462397.71,0.58
CUST_03889,1106,5,3,19387.08,428008.81,0.81
CUST_03890,1031,17,5,11811.82,230140.49,1.0
CUST_03891,732,33,6,11268.4,228137.5,0.8
CUST_03892,804,7,0,4514.62,110653.71,0.41
CUST_03893,1023,8,5,5749.95,118349.95,0.49
CUST_03894,1368,7,3,5044.81,133777.78,0.45
CUST_03895,1051,1,2,8963.3,341404.32,0.62
CUST_03896,1258,9,4,6506.1,46704.43,0.4
CUST_03897,212,26,2,12725.34,426621.83,0.74
CUST_03898,503,21,4,8898.75,311353.72,0.97
CUST_03899,646,28,3,13735.06,400692.72,0.76
CUST_03900,664,32,1,7676.12,321048.78,0.71
CUST_03901,640,32,3,5025.74,78601.31,0.63
CUST_03902,749,28,3,23329.09,490778.99,0.83
CUST_03903,1202,8,3,5452.56,172253.71,0.58
CUST_03904,1312,29,5,24981.38,326614.95,0.44
CUST_03905,1175,12,6,21826.4,236706.95,0.42
CUST_03906,902,7,1,3249.26,155765.95,0.49
CUST_03907,703,30,6,17124.51,341520.67,0.86
CUST_03908,666,27,0,23608.16,205375.88,0.12
CUST_03909,1196,35,3,18527.32,370877.61,0.65
CUST_03910,978,11,0,13931.43,395455.69,0.29
CUST_03911,410,30,1,16227.74,357969.9,0.19
CUST_03912,324,9,5,7262.78,110314.34,0.93
CUST_03913,624,8,5,5067.99,499414.2,0.28
CUST_03914,935,23,6,6025.37,215371.11,0.74
CUST_03915,612,3,5,22030.94,222889.07,0.94
CUST_03916,576,13,3,16603.63,489278.05,0.96
CUST_03917,206,2,6,3230.8,74281.72,0.27
CUST_03918,1023,25,2,3686.37,244502.1,0.75
CUST_03919,687,29,4,24455.56,423257.68,0.51
CUST_03920,1227,20,3,7029.04,117959.92,0.19
CUST_03921,373,12,1,1531.28,45281.84,0.31
CUST_03922,1131,8,6,18463.58,416781.4,0.91
CUST_03923,530,15,5,18875.5,78719.13,0.25
CUST_03924,1414,27,6,11995.66,498951.03,0.49
CUST_03925,884,2,6,1745.13,273457.37,0.73
CUST_03926,798,21,6,22440.2,191584.3,0.72
CUST_03927,336,3,7,2236.19,11361.28,0.43
CUST_03928,686,24,7,12185.14,459352.63,0.48
CUST_03929,1438,20,7,13263.39,142998.79,0.83
CUST_03930,661,31,3,5034.75,460951.09,0.61
CUST_03931,836,28,6,22805.89,254357.75,0.47
CUST_03932,151,29,6,3573.95,203357.09,0.3
CUST_03933,554,2,5,2857.29,438638.4,0.43
CUST_03934,941,30,0,10380.09,403627.15,0.49
CUST_03935,525,11,5,12214.33,345897.4,0.32
CUST_03936,1205,22,6,1282.23,353576.6,0.43
CUST_03937,923,12,4,9521.23,389811.32,0.54
CUST_03938,803,38,0,12068.21,63316.77,0.25
CUST_03939,1200,14,1,5436.42,327439.74,0.22
CUST_03940,837,15,5,10877.79,348251.43,0.58
CUST_03941,1182,16,3,3187.6,77926.67,0.85
CUST_03942,141,16,0,2671.47,252011.71,0.51
CUST_03943,1093,35,6,9701.96,32768.0,0.16
CUST_03944,380,5,0,18044.64,102657.51,0.68
CUST_03945,852,24,6,15133.77,342749.3,0.52
CUST_03946,707,26,6,24452.82,213993.86,0.45
CUST_03947,1169,23,6,15120.11,305650.76,0.56
CUST_03948,129,12,1,383.58,201490.84,0.2
CUST_03949,191,7,6,5429.56,270109.83,0.35
CUST_03950,512,6,7,21642.11,165123.92,0.97
CUST_03951,669,11,7,19261.58,333299.09,0.55
CUST_03952,605,17,0,6146.12,288056.23,0.37
CUST_03953,697,37,6,14977.88,126274.61,0.25
CUST_03954,989,13,6,13552.43,227223.42,0.9
CUST_03955,130,34,6,21242.17,41271.74,0.99
CUST_03956,479,7,0,1596.2,289983.47,0.99
CUST_03957,1105,17,3,13182.07,324750.51,0.38
CUST_03958,1046,2,4,22454.99,146501.1,0.39
CUST_03959,533,31,5,6618.75,29019.08,0.92
CUST_03960,1207,39,7,903.45,494263.03,0.74
CUST_03961,1268,2,1,14849.24,343153.51,0.91
CUST_03962,1085,35,0,14435.05,101839.15,0.72
CUST_03963,110,22,3,16295.81,449393.01,0.51
CUST_03964,215,31,3,4158.05,262874.21,0.64
CUST_03965,354,3,4,5313.34,431283.97,0.41
CUST_03966,822,16,3,18750.91,253989.49,0.31
CUST_03967,1113,4,1,20979.08,264545.79,0.13
CUST_03968,821,5,7,17490.17,219190.66,0.32
CUST_03969,960,19,6,21498.69,126055.38,0.43
CUST_03970,1310,37,5,10095.49,469272.5,0.56
CUST_03971,875,38,3,6752.48,163071.64,0.94
CUST_03972,1190,13,6,18109.94,400736.88,0.95
CUST_03973,1061,14,2,12918.88,194522.72,0.24
CUST_03974,559,3,2,11995.38,392948.17,0.3
CUST_03975,344,15,4,4193.57,36423.61,0.11
CUST_03976,207,6,4,14702.39,28233.47,0.18
CUST_03977,198,27,2,498.9,421421.0,0.96
CUST_03978,1081,11,1,5464.06,497288.22,0.8
CUST_03979,670,8,1,13780.7,327304.98,0.66
CUST_03980,76,15,6,21240.49,311094.05,0.26
CUST_03981,95,15,7,17853.55,243320.22,0.95
CUST_03982,559,3,1,12692.6,462512.21,0.32
CUST_03983,764,30,0,6966.46,450794.98,0.14
CUST_03984,449,14,2,20078.87,414872.77,0.9
CUST_03985,1157,39,3,15827.19,458786.06,0.38
CUST_03986,847,1,2,18559.98,402088.4,0.97
CUST_03987,1085,12,2,19683.9,265787.99,0.19
CUST_03988,1309,19,0,21108.92,169770.04,0.3
CUST_03989,785,11,1,15764.89,194173.55,0.15
CUST_03990,1172,2,2,23834.66,131784.85,0.92
CUST_03991,756,27,4,6197.74,369067.97,0.82
CUST_03992,843,17,5,13217.91,286744.42,0.35
CUST_03993,461,6,2,11065.24,268773.83,0.35
CUST_03994,964,4,3,19307.74,68565.23,0.5
CUST_03995,1282,33,0,15066.7,399677.3,0.64
CUST_03996,234,11,4,17376.25,41248.12,0.14
CUST_03997,807,20,4,2432.06,369371.23,0.35
CUST_03998,271,5,3,21491.7,302597.01,0.25
CUST_03999,1354,36,7,2031.71,135037.98,0.24
CUST_04000,108,26,6,8381.3,170445.47,0.91
CUST_04001,600,36,3,10787.91,171941.44,0.72
CUST_04002,80,13,3,21215.95,29868.39,0.11
CUST_04003,395,25,2,11250.0,86960.14,0.76
CUST_04004,298,4,4,5559.63,53619.27,0.56
CUST_04005,264,17,5,15887.17,378790.95,0.3
CUST_04006,1437,34,2,3656.91,160568.87,0.41
CUST_04007,680,23,7,24312.92,299936.68,0.32
CUST_04008,1263,29,6,8364.41,336809.12,0.58
CUST_04009,421,28,0,4002.94,117482.88,0.7
CUST_04010,1439,22,7,14249.78,63476.12,0.78
CUST_04011,91,28,7,6123.31,447445.91,0.14
CUST_04012,339,1,4,17821.63,145346.58,0.16
CUST_04013,902,22,7,13046.73,455203.37,0.14
CUST_04014,791,4,3,24870.56,401792.84,0.69
CUST_04015,384,26,6,3848.09,456527.99,0.7
CUST_04016,976,21,7,2155.67,159663.5,0.2
CUST_04017,578,14,7,17916.43,286087.9,0.2
CUST_04018,863,11,5,22073.48,35972.74,0.37
CUST_04019,1399,3,3,4381.38,207929.17,0.81
CUST_04020,523,25,5,12828.18,121370.34,0.82
CUST_04021,1477,15,6,5256.65,8844.29,0.36
CUST_04022,1313,10,6,23618.45,473978.18,0.16
CUST_04023,1088,28,5,10712.58,299009.13,0.95
CUST_04024,275,13,7,1620.35,154886.22,0.36
CUST_04025,1375,38,3,22146.1,383911.47,0.62
CUST_04026,932,30,1,23344.01,415542.53,0.55
CUST_04027,635,24,5,3182.64,216421.92,0.16
CUST_04028,805,39,7,9126.51,348218.43,0.96
CUST_04029,172,24,5,9985.51,280143.8,0.58
CUST_04030,1082,8,3,20829.36,96580.49,0.4
CUST_04031,342,33,0,13165.36,488740.4,0.99
CUST_04032,226,39,6,20175.99,87749.15,0.54
CUST_04033,491,12,2,15147.9,462485.98,0.31
CUST_04034,1418,33,2,2223.98,28888.25,0.31
CUST_04035,841,11,4,4998.93,229942.36,0.65
CUST_04036,263,18,5,22818.61,442645.38,0.35
CUST_04037,408,33,4,11520.41,403759.28,0.51
CUST_04038,308,31,1,19046.31,215440.86,0.98
CUST_04039,1064,10,1,3536.74,435461.57,0.12
CUST_04040,1480,31,7,13749.5,218756.55,0.47
CUST_04041,362,20,3,12578.33,117925.23,0.27
CUST_04042,386,13,0,1568.62,304463.33,0.68
CUST_04043,1087,30,4,13480.53,53627.35,0.82
CUST_04044,600,27,5,13358.23,265545.01,0.91
CUST_04045,405,7,7,7318.5,391721.26,0.7
CUST_04046,703,19,6,6245.6,173376.36,0.85
CUST_04047,564,27,7,14690.65,307892.41,0.21
CUST_04048,1248,8,4,15659.05,408829.84,0.69
CUST_04049,494,24,3,2029.87,268223.66,0.99
CUST_04050,764,32,4,20986.4,429309.57,0.43
CUST_04051,413,26,1,3218.62,438775.79,0.85
CUST_04052,855,12,0,4737.18,335246.14,0.47
CUST_04053,292,21,4,13285.97,117522.42,0.83
CUST_04054,569,8,0,9725.75,412250.55,0.4
CUST_04055,720,37,4,12907.55,191214.21,0.64
CUST_04056,1059,18,1,13199.83,463703.9,0.16
CUST_04057,1338,2,2,8443.09,266616.11,0.18
CUST_04058,548,23,3,20619.36,297144.62,1.0
CUST_04059,300,10,3,6829.32,168613.24,0.86
CUST_04060,299,15,7,7172.4,202574.29,0.83
CUST_04061,56,1,4,21606.67,446985.0,0.33
CUST_04062,274,14,3,20978.21,340977.83,0.65
CUST_04063,565,2,3,8351.0,79179.4,0.74
CUST_04064,553,24,6,6987.32,12828.92,0.57
CUST_04065,881,30,0,1291.18,305181.07,0.75
CUST_04066,174,28,6,20879.81,162450.13,0.33
CUST_04067,656,28,3,9112.13,444597.47,0.78
CUST_04068,1315,31,0,15319.14,250888.97,0.44
CUST_04069,1072,38,3,5016.95,260766.39,0.42
CUST_04070,1468,37,6,22199.34,367294.5,0.7
CUST_04071,1407,32,2,8915.13,379311.09,0.13
CUST_04072,1190,7,0,5357.07,458013.01,0.93
CUST_04073,1244,31,7,14343.73,193165.24,0.2
CUST_04074,923,18,2,7288.32,175757.35,0.34
CUST_04075,263,8,5,21892.01,58048.55,0.64
CUST_04076,888,6,4,23530.09,391023.41,0.22
CUST_04077,1259,39,1,7141.02,167376.43,0.21
CUST_04078,921,6,2,19813.66,219917.06,0.49
CUST_04079,1204,32,4,17190.48,31830.39,0.52
CUST_04080,585,6,1,7723.08,148267.9,0.43
CUST_04081,615,25,6,4718.3,325250.01,0.86
CUST_04082,400,3,7,863.35,136853.66,0.88
CUST_04083,957,14,3,3203.91,209003.49,0.85
CUST_04084,122,5,3,19071.19,106335.14,0.96
CUST_04085,778,30,1,3093.5,181355.97,0.69
CUST_04086,406,23,5,18171.91,304304.06,0.55
CUST_04087,1128,24,2,3676.24,181627.0,0.52
CUST_04088,47,39,4,10328.34,404392.75,0.64
CUST_04089,1397,12,7,13018.99,21967.28,0.16
CUST_04090,770,12,6,10387.15,234812.13,0.86
CUST_04091,1057,20,1,20897.54,83749.16,0.15
CUST_04092,869,19,7,7273.08,335586.29,0.3
CUST_04093,93,1,0,6206.83,442400.3,0.8
CUST_04094,127,17,7,24228.21,325589.05,0.71
CUST_04095,208,31,0,13730.35,193647.9,0.5
CUST_04096,890,2,1,22073.06,451824.26,0.69
CUST_04097,375,37,0,12222.94,68682.96,0.45
CUST_04098,825,6,0,6177.03,423052.17,0.7
CUST_04099,1476,11,2,5254.43,172603.03,0.86
CUST_04100,908,34,3,12247.14,418736.57,0.39
CUST_04101,601,14,3,5972.22,486462.79,0.18
CUST_04102,587,23,7,18151.7,480482.18,0.46
CUST_04103,355,17,0,7455.49,217040.61,0.54
CUST_04104,1392,32,1,24347.41,41015.89,0.45
CUST_04105,1290,23,1,5391.63,126252.08,0.26
CUST_04106,525,30,4,7880.26,437075.78,0.77
CUST_04107,345,2,6,17402.58,487575.77,0.65
CUST_04108,76,11,5,13349.59,420189.45,0.23
CUST_04109,84,31,7,24642.15,468423.02,0.55
CUST_04110,285,29,2,10672.37,103768.37,0.48
CUST_04111,748,38,2,8535.42,9879.65,0.77
CUST_04112,659,11,7,9341.21,1709.41,0.62
CUST_04113,1150,15,7,12207.46,23388.86,0.61
CUST_04114,1060,29,4,4899.94,362269.39,0.42
CUST_04115,820,10,0,3750.84,23717.22,0.59
CUST_04116,176,10,2,22666.07,221260.8,0.36
CUST_04117,1406,32,3,1685.95,303837.45,0.58
CUST_04118,1498,29,6,15352.38,391677.9,0.71
CUST_04119,661,31,3,20655.37,113141.09,0.4
CUST_04120,504,32,2,8826.62,187858.98,0.87
CUST_04121,1380,37,0,21561.79,245772.84,0.71
CUST_04122,1364,5,7,10288.09,247924.69,0.97
CUST_04123,1429,4,5,4291.93,316106.55,0.93
CUST_04124,1269,2,2,708.11,73931.19,0.85
CUST_04125,1346,14,4,9118.77,468107.28,0.86
CUST_04126,606,32,0,14471.17,161403.31,0.33
CUST_04127,1372,31,6,12615.37,442167.91,0.64
CUST_04128,823,36,1,23354.29,40891.41,0.44
CUST_04129,550,35,2,17902.74,51232.53,0.5
CUST_04130,1080,9,2,7433.97,132830.1,0.37
CUST_04131,881,28,4,2602.32,167757.74,0.42
CUST_04132,117,29,5,5071.18,419069.98,0.16
CUST_04133,1107,15,6,18329.16,261356.46,0.48
CUST_04134,593,29,0,19715.27,230403.69,0.12
CUST_04135,134,9,2,13590.99,108876.48,0.38
CUST_04136,98,35,5,24387.72,295126.31,0.57
CUST_04137,1165,4,1,10206.41,297396.4,0.36
CUST_04138,33,39,7,1901.87,134199.17,0.45
CUST_04139,93,5,6,7031.97,200966.89,0.53
CUST_04140,898,31,2,13219.12,254993.31,0.38
CUST_04141,801,1,1,8074.29,366946.78,0.76
CUST_04142,1305,36,3,17398.18,189733.23,0.35
CUST_04143,970,38,5,7394.93,78283.43,0.42
CUST_04144,994,11,1,22685.0,378676.48,0.98
CUST_04145,444,23,6,13417.38,450357.23,0.6
CUST_04146,226,13,5,23849.03,156573.62,0.38
CUST_04147,1412,19,4,20174.17,234317.61,0.86
CUST_04148,1159,4,5,5473.87,20093.81,0.89
CUST_04149,826,22,1,24623.12,251637.78,0.96
CUST_04150,1240,10,3,11393.72,168102.76,0.58
CUST_04151,572,9,3,6732.75,107348.28,0.88
CUST_04152,1324,24,7,21985.38,450732.52,0.6
CUST_04153,295,29,6,21204.67,408390.3,0.12
CUST_04154,386,1,0,12794.05,81903.84,0.62
CUST_04155,1489,1,6,7191.74,148133.3,0.88
CUST_04156,999,26,3,18876.36,180776.59,0.31
CUST_04157,253,31,0,16065.41,69254.89,0.23
CUST_04158,1143,26,5,21112.89,496489.54,0.43
CUST_04159,538,7,6,14803.64,149409.55,0.92
CUST_04160,1158,18,5,19935.85,10690.43,0.55
CUST_04161,340,35,1,21820.8,27432.92,0.8
CUST_04162,301,15,2,17088.63,245560.94,0.2
CUST_04163,188,22,7,15184.62,263077.83,0.9
CUST_04164,426,15,1,3407.73,247789.24,0.54
CUST_04165,899,18,7,2758.39,103304.59,0.1
CUST_04166,1491,20,7,21714.75,373159.31,0.18
CUST_04167,1309,35,7,23149.64,27932.34,0.88
CUST_04168,51,27,4,24177.43,141643.63,0.63
CUST_04169,368,32,0,15330.89,171529.77,0.4
CUST_04170,59,10,6,8797.14,380467.76,0.63
CUST_04171,1302,12,6,16464.09,312955.74,0.91
CUST_04172,1468,12,0,3883.36,381212.4,0.96
CUST_04173,332,1,3,17181.79,115176.98,1.0
CUST_04174,356,20,7,11813.15,441217.69,0.72
CUST_04175,1382,20,7,17035.86,52340.24,0.53
CUST_04176,771,17,2,19772.57,338179.23,0.3
CUST_04177,944,4,4,8327.19,466214.0,0.37
CUST_04178,1365,32,4,15821.67,381051.86,0.55
CUST_04179,1313,32,4,5148.8,442235.13,0.46
CUST_04180,123,12,7,4645.76,459105.74,0.32
CUST_04181,649,14,6,2915.07,111795.92,0.55
CUST_04182,794,7,7,13827.41,355909.06,0.87
CUST_04183,827,14,0,9765.94,333256.96,0.26
CUST_04184,258,19,2,18497.99,9338.84,0.55
CUST_04185,1317,16,7,8506.3,219177.09,0.96
CUST_04186,1393,37,5,17507.66,119183.18,0.39
CUST_04187,1153,20,1,10307.12,20115.3,0.14
CUST_04188,463,29,0,12820.04,413081.75,0.85
CUST_04189,1024,16,2,2160.41,320841.23,0.83
CUST_04190,800,5,5,13079.29,195276.2,0.63
CUST_04191,546,30,5,12414.37,418124.62,0.83
CUST_04192,248,26,0,13145.55,485339.8,0.73
CUST_04193,1001,33,5,7267.7,45061.0,0.97
CUST_04194,1475,31,0,24287.94,454871.77,0.51
CUST_04195,949,12,6,21959.47,16528.95,0.98
CUST_04196,611,32,5,9478.65,51959.73,0.91
CUST_04197,1154,5,4,1936.62,158171.13,0.38
CUST_04198,859,9,4,20682.81,274162.61,0.7
CUST_04199,830,14,1,13207.48,261155.63,0.43
CUST_04200,263,37,6,20642.28,157516.79,0.51
CUST_04201,123,4,6,17830.46,406103.36,0.29
CUST_04202,349,5,4,22572.47,82652.81,0.4
CUST_04203,1433,13,4,16136.48,200097.47,0.84
CUST_04204,430,14,7,12142.76,241271.04,0.37
CUST_04205,653,6,3,1546.57,19574.12,0.9
CUST_04206,1443,29,2,14838.61,129655.02,0.72
CUST_04207,855,15,4,24552.91,398772.28,0.8
CUST_04208,726,15,3,5331.47,381831.75,0.32
CUST_04209,967,8,0,323.83,488015.23,0.42
CUST_04210,341,38,1,18905.94,478381.09,0.12
CUST_04211,1228,27,0,3334.84,310842.8,0.66
CUST_04212,419,8,3,24367.21,115178.92,0.34
CUST_04213,1306,17,1,7184.58,190515.34,0.64
CUST_04214,1370,22,3,7151.47,355432.88,0.66
CUST_04215,981,26,7,1340.56,37232.82,0.32
CUST_04216,362,8,0,11087.4,456641.28,0.81
CUST_04217,424,24,0,2091.13,497033.92,0.88
CUST_04218,650,15,4,14619.32,73362.07,0.13
CUST_04219,238,11,2,546.85,391470.31,0.15
CUST_04220,1201,2,3,12915.61,448922.71,0.51
CUST_04221,185,19,1,3636.84,332160.85,0.57
CUST_04222,1186,26,2,22843.5,8778.2,0.68
CUST_04223,966,37,6,14665.22,91334.99,0.36
CUST_04224,356,21,3,10455.57,117931.56,0.56
CUST_04225,112,7,5,12310.89,138816.96,0.46
CUST_04226,1436,20,3,9858.65,482482.17,0.34
CUST_04227,1235,35,2,17633.86,88867.79,0.97
CUST_04228,919,4,7,19646.63,40772.66,0.23
CUST_04229,955,17,0,17266.11,197363.49,0.8
CUST_04230,1462,27,6,17664.81,464305.86,0.72
CUST_04231,447,36,2,17593.2,498413.9,0.13
CUST_04232,412,28,6,9748.1,292387.75,0.45
CUST_04233,257,2,5,5626.88,433187.17,0.63
CUST_04234,959,8,1,3360.53,86264.35,0.99
CUST_04235,81,16,5,21729.33,253149.33,0.9
CUST_04236,184,31,1,21055.51,127957.98,0.92
CUST_04237,553,11,7,589.05,151186.78,0.94
CUST_04238,819,21,0,15248.87,460977.82,0.25
CUST_04239,1480,9,3,18149.46,44315.48,0.12
CUST_04240,114,1,5,14735.7,107404.2,0.18
CUST_04241,406,23,0,4561.53,15066.97,0.47
CUST_04242,781,14,7,9553.46,466787.47,0.42
CUST_04243,32,27,0,24012.45,228787.19,0.61
CUST_04244,361,10,7,1003.24,345431.47,0.63
CUST_04245,550,14,4,16293.72,219417.11,0.19
CUST_04246,772,23,6,22102.0,410102.33,0.52
CUST_04247,31,29,2,7836.27,200011.94,0.85
CUST_04248,400,39,0,12623.43,474553.39,0.95
CUST_04249,953,18,0,4729.36,442117.44,0.4
CUST_04250,406,11,4,13587.6,124533.47,0.18
CUST_04251,63,35,0,18862.23,395890.07,0.23
CUST_04252,552,28,4,23320.03,438559.65,0.45
CUST_04253,1065,39,2,18868.31,291311.13,0.21
CUST_04254,933,2,5,15954.57,295628.2,0.69
CUST_04255,1154,33,4,22689.24,2124.24,0.34
CUST_04256,781,34,2,551.28,305798.47,0.81
CUST_04257,1271,21,7,18669.54,198110.82,0.19
CUST_04258,398,30,6,4389.61,168776.76,0.63
CUST_04259,1456,14,7,10534.4,217430.41,0.47
CUST_04260,683,18,7,3482.62,376638.04,0.14
CUST_04261,538,11,3,20685.87,22960.25,0.7
CUST_04262,747,33,7,21911.76,494692.96,0.65
CUST_04263,325,35,4,19952.19,383620.82,0.28
CUST_04264,939,30,3,24271.03,291997.69,0.52
CUST_04265,524,29,6,10036.94,17444.13,0.74
CUST_04266,361,23,7,4953.84,124873.02,0.92
CUST_04267,380,37,0,17246.08,12139.11,0.15
CUST_04268,901,31,7,19871.1,166772.38,0.41
CUST_04269,955,33,3,20788.47,499037.56,0.85
CUST_04270,551,7,1,8284.31,124638.14,0.77
CUST_04271,1213,28,6,3987.74,88804.7,0.35
CUST_04272,631,39,6,14074.5,166216.05,0.41
CUST_04273,945,30,1,8624.93,274425.21,0.8
CUST_04274,198,25,0,21051.12,35034.91,0.17
CUST_04275,1186,10,2,11733.82,323887.94,0.34
CUST_04276,1348,36,1,3004.8,387236.63,0.62
CUST_04277,698,3,4,9893.11,422441.0,0.1
CUST_04278,1392,9,5,18664.42,22490.65,0.85
CUST_04279,1286,3,6,22856.48,12160.75,0.67
CUST_04280,251,30,6,24506.52,123999.49,0.95
CUST_04281,1234,29,4,24323.7,428701.86,0.76
CUST_04282,299,32,4,7976.51,122288.53,0.61
CUST_04283,993,6,0,18250.7,188257.17,0.23
CUST_04284,794,9,0,13707.43,395487.56,0.28
CUST_04285,1239,21,2,4257.06,389499.17,0.37
CUST_04286,564,13,0,10434.75,460222.69,0.89
CUST_04287,1424,2,5,22967.05,293138.7,0.74
CUST_04288,441,4,5,20656.81,84189.84,0.62
CUST_04289,866,5,5,24075.05,116419.54,0.43
CUST_04290,1291,18,6,9604.62,440431.13,0.76
CUST_04291,1452,27,5,17149.77,17118.65,0.22
CUST_04292,374,3,4,18742.29,360402.45,0.69
CUST_04293,302,2,5,21298.72,124285.16,0.26
CUST_04294,169,21,2,10850.75,13392.37,0.16
CUST_04295,1136,32,4,12816.92,159844.28,0.33
CUST_04296,814,10,7,5189.36,44586.65,0.75
CUST_04297,989,22,4,15564.57,27334.52,0.77
CUST_04298,1299,12,1,18946.06,161930.59,0.76
CUST_04299,1221,33,3,6765.06,462459.57,0.26
CUST_04300,282,31,7,20719.07,2245.23,0.85
CUST_04301,929,33,6,17379.54,333425.48,0.43
CUST_04302,967,15,2,8082.31,48490.3,0.23
CUST_04303,1490,23,3,2792.62,485886.65,0.23
CUST_04304,1263,24,7,14551.2,40912.99,0.64
CUST_04305,116,6,2,20019.29,438061.16,0.56
CUST_04306,185,21,2,18311.43,178729.42,0.55
CUST_04307,172,19,3,20491.0,363375.19,0.54
CUST_04308,437,28,0,21477.87,400324.98,0.9
CUST_04309,68,22,7,16976.51,280738.44,0.42
CUST_04310,269,22,1,11174.9,141106.93,0.21
CUST_04311,1464,39,4,17832.07,110829.59,0.37
CUST_04312,333,29,0,3136.94,70171.91,0.66
CUST_04313,238,23,6,12018.25,431789.78,0.26
CUST_04314,942,31,5,24504.52,305200.52,0.52
CUST_04315,1237,29,3,2538.42,465079.51,0.66
CUST_04316,329,34,1,11516.9,435580.28,0.3
CUST_04317,144,6,3,15204.72,29198.96,0.65
CUST_04318,975,16,3,7302.7,435946.12,0.59
CUST_04319,88,38,3,23923.56,433774.66,0.75
CUST_04320,1271,37,1,23132.86,372969.7,0.45
CUST_04321,306,23,6,22908.57,44792.98,0.88
CUST_04322,480,13,6,9073.85,24184.28,0.11
CUST_04323,357,3,6,4068.59,379585.09,0.7
CUST_04324,1022,12,4,4930.74,414502.24,0.88
CUST_04325,759,15,1,20314.31,295793.26,0.48
CUST_04326,816,5,7,6989.65,34356.76,0.11
CUST_04327,961,35,1,4943.43,105768.4,0.7
CUST_04328,1109,15,6,5711.64,492002.81,0.86
CUST_04329,833,19,5,15031.59,221692.6,0.53
CUST_04330,558,20,3,9544.31,442173.08,0.7
CUST_04331,316,2,2,18863.62,80267.19,0.41
CUST_04332,72,25,5,1754.74,420362.92,0.95
CUST_04333,173,30,5,9194.23,239142.7,0.64
CUST_04334,1037,15,6,22882.4,134473.21,0.31
CUST_04335,737,13,5,13534.07,416525.43,0.35
CUST_04336,1275,30,3,619.54,90888.38,0.41
CUST_04337,650,39,0,16394.37,149188.51,0.94
CUST_04338,1225,6,3,8792.86,213676.18,0.33
CUST_04339,160,4,7,18953.08,10182.38,0.22
CUST_04340,1313,11,1,19435.64,376376.71,0.91
CUST_04341,1445,28,4,21665.49,389511.15,0.45
CUST_04342,666,5,7,5407.12,143774.33,0.54
CUST_04343,1350,31,4,517.18,360751.89,0.51
CUST_04344,450,8,4,12794.27,322703.66,0.92
CUST_04345,560,22,5,24737.07,236770.03,0.97
CUST_04346,1249,11,7,18044.25,285476.69,0.52
CUST_04347,741,9,1,946.06,221072.29,0.91
CUST_04348,542,15,5,24606.27,146580.84,0.5
CUST_04349,881,3,6,12073.6,495936.54,0.62
CUST_04350,1155,5,0,9387.4,9291.5,0.86
CUST_04351,686,15,4,7976.5,272344.84,0.91
CUST_04352,1118,17,0,9074.5,298469.56,0.98
CUST_04353,905,1,3,10286.48,247721.67,0.42
CUST_04354,658,1,2,11388.61,7045.52,0.57
CUST_04355,1049,18,3,6547.11,270165.32,0.58
CUST_04356,1411,26,3,23650.59,364980.58,0.6
CUST_04357,353,1,5,21800.81,146080.62,0.83
CUST_04358,944,1,2,9857.56,235525.05,0.25
CUST_04359,847,21,5,23196.25,351330.06,0.47
CUST_04360,348,27,4,20808.32,380865.12,0.4
CUST_04361,946,25,6,367.4,157686.19,0.23
CUST_04362,689,12,3,9473.61,303518.29,0.68
CUST_04363,1119,11,3,14996.74,499328.31,0.95
CUST_04364,475,25,5,21226.77,392851.5,0.38
CUST_04365,1392,32,6,13224.13,330880.8,0.77
CUST_04366,451,36,3,7917.03,182005.7,1.0
CUST_04367,448,19,6,2029.68,332375.29,0.58
CUST_04368,1005,19,0,10596.68,414334.8,0.52
CUST_04369,1018,24,4,2868.82,140012.94,0.33
CUST_04370,1442,4,5,1021.01,306849.5,0.37
CUST_04371,715,17,7,9896.66,321029.14,0.35
CUST_04372,1333,21,2,15353.83,258305.29,0.93
CUST_04373,719,6,7,12877.95,58810.17,0.52
CUST_04374,1415,12,2,17555.54,379333.37,0.84
CUST_04375,338,3,4,17148.51,395393.74,0.97
CUST_04376,771,4,0,19474.06,13826.73,0.55
CUST_04377,133,27,0,8009.64,477866.45,0.48
CUST_04378,626,29,6,23803.09,30510.57,0.99
CUST_04379,817,25,7,19135.63,68721.32,0.89
CUST_04380,890,23,6,13820.32,108506.55,0.87
CUST_04381,391,39,2,23775.55,106183.03,0.26
CUST_04382,385,16,2,19977.46,293552.15,0.33
CUST_04383,884,35,2,17569.83,220111.3,0.76
CUST_04384,1090,20,6,21161.78,478066.3,0.95
CUST_04385,974,23,7,19954.96,389051.39,0.18
CUST_04386,118,3,6,5570.24,85357.61,0.43
CUST_04387,538,15,6,12393.71,45553.66,0.77
CUST_04388,1203,5,6,20466.57,386013.52,0.41
CUST_04389,1326,29,7,23315.4,275641.23,0.66
CUST_04390,373,9,7,1797.86,209579.13,0.7
CUST_04391,429,30,5,4526.72,456867.72,0.71
CUST_04392,235,37,0,2157.35,214867.71,0.32
CUST_04393,1482,39,6,24167.87,227843.46,0.81
CUST_04394,245,18,0,6295.49,304319.22,0.97
CUST_04395,347,13,1,15747.2,211580.4,0.34
CUST_04396,516,12,2,23198.86,244250.6,0.61
CUST_04397,130,1,2,23039.16,457634.85,0.45
CUST_04398,494,24,6,23682.4,444103.94,0.79
CUST_04399,57,39,3,6114.01,229611.04,0.72
CUST_04400,1264,15,5,19186.51,4251.64,0.53
CUST_04401,1119,20,2,23589.07,226847.38,0.55
CUST_04402,1154,28,3,20054.72,490390.62,0.74
CUST_04403,140,37,3,9549.6,283155.92,0.82
CUST_04404,392,1,6,7013.31,372539.03,0.48
CUST_04405,900,38,6,10620.09,140324.56,0.59
CUST_04406,1278,20,0,24217.48,28595.04,0.63
CUST_04407,602,5,2,14052.9,497644.84,0.96
CUST_04408,938,15,0,14752.52,362875.0,0.67
CUST_04409,86,2,4,19349.55,401613.69,0.43
CUST_04410,1310,11,1,2178.04,400952.68,0.31
CUST_04411,472,30,3,4993.45,359916.38,0.51
CUST_04412,491,10,3,10850.45,293905.76,0.51
CUST_04413,580,17,6,3429.26,84809.15,0.93
CUST_04414,932,21,6,21407.02,460416.87,0.25
CUST_04415,1403,9,3,5203.94,2730.76,0.88
CUST_04416,672,12,7,2418.59,430797.48,0.66
CUST_04417,84,10,3,15538.4,264116.08,0.39
CUST_04418,888,25,4,8421.21,409811.74,0.24
CUST_04419,132,21,7,24969.85,126069.92,0.94
CUST_04420,257,6,6,15041.66,296163.6,0.65
CUST_04421,627,20,3,20321.65,65323.62,0.75
CUST_04422,1238,23,5,21483.88,448881.65,0.65
CUST_04423,391,37,4,9479.2,465189.51,0.5
CUST_04424,703,16,7,22980.54,457453.79,0.55
CUST_04425,718,17,5,20978.24,8571.32,0.96
CUST_04426,1190,5,6,14110.72,81362.04,0.27
CUST_04427,914,15,3,21046.54,44582.87,0.48
CUST_04428,1120,19,5,7830.24,433302.61,0.47
CUST_04429,140,27,6,12868.64,149689.3,0.24
CUST_04430,1072,11,6,14870.1,352267.53,0.17
CUST_04431,367,5,5,11548.45,315406.5,0.74
CUST_04432,766,21,0,13578.49,134839.35,0.36
CUST_04433,320,7,1,24108.72,312507.35,0.26
CUST_04434,1082,12,5,7898.89,140348.14,0.52
CUST_04435,50,32,6,13174.42,403467.67,0.1
CUST_04436,682,10,0,19546.9,320902.06,0.41
CUST_04437,990,21,6,8418.03,394319.63,0.9
CUST_04438,606,22,0,18621.46,438542.86,0.43
CUST_04439,1325,16,7,1913.07,397041.97,0.49
CUST_04440,744,24,4,6810.03,115861.56,0.69
CUST_04441,1325,3,6,10429.81,221740.03,0.88
CUST_04442,985,35,4,3411.38,418085.67,0.69
CUST_04443,932,19,3,23864.31,238366.29,0.77
CUST_04444,1058,16,3,3703.65,371445.82,0.89
CUST_04445,454,33,0,18575.75,363525.23,0.95
CUST_04446,558,13,3,7443.26,184287.43,0.51
CUST_04447,346,22,2,21623.62,183045.7,0.57
CUST_04448,588,24,6,16593.85,23331.36,0.74
CUST_04449,1074,5,6,16002.76,445181.18,0.92
CUST_04450,906,20,0,20490.56,139005.84,0.93
CUST_04451,81,9,5,12256.15,319076.81,0.65
CUST_04452,162,17,2,24988.1,290452.16,0.18
CUST_04453,500,23,3,2945.68,381571.24,0.86
CUST_04454,810,28,5,676.0,350700.44,0.6
CUST_04455,1361,16,0,16663.44,164523.97,0.93
CUST_04456,1354,24,1,9282.6,396156.28,0.38
CUST_04457,737,1,0,17116.18,204809.9,0.6
CUST_04458,1214,35,5,12217.73,411940.66,0.86
CUST_04459,969,20,1,21415.48,194227.56,0.2
CUST_04460,1320,36,2,3148.22,80461.95,0.78
CUST_04461,290,18,0,24226.66,177658.77,0.4
CUST_04462,1051,6,3,8874.37,420838.44,0.13
CUST_04463,142,16,7,16266.62,381173.7,0.31
CUST_04464,132,21,0,439.27,208395.48,0.49
CUST_04465,1028,22,4,5360.71,235762.03,0.98
CUST_04466,163,3,1,3132.94,189086.06,0.77
CUST_04467,656,11,2,8426.56,212706.67,0.92
CUST_04468,1042,13,5,23793.09,449780.24,0.24
CUST_04469,709,24,1,9610.66,197866.77,0.51
CUST_04470,755,27,3,1796.76,459063.03,0.25
CUST_04471,870,21,7,22961.39,447768.26,0.92
CUST_04472,435,7,5,3545.71,493861.9,0.4
CUST_04473,1455,33,0,24003.11,93326.37,0.24
CUST_04474,252,16,7,12227.42,242542.51,0.38
CUST_04475,1095,33,0,23021.58,245161.68,0.88
CUST_04476,181,28,2,17117.92,371339.27,0.83
CUST_04477,368,33,4,11614.3,220580.69,0.26
CUST_04478,866,23,2,5016.14,330703.76,0.32
CUST_04479,1310,3,3,3532.27,399013.14,0.29
CUST_04480,1248,19,5,10468.03,445274.43,0.11
CUST_04481,1123,35,4,5324.66,143814.0,0.83
CUST_04482,1404,3,4,6354.76,325435.98,0.6
CUST_04483,420,2,0,18843.74,253391.01,0.91
CUST_04484,1363,18,2,16746.51,416928.2,0.35
CUST_04485,447,13,7,10909.67,495533.04,0.62
CUST_04486,1135,29,0,20571.31,472120.17,0.69
CUST_04487,1435,10,0,7276.99,27539.49,0.91
CUST_04488,177,8,1,10864.82,283477.11,0.73
CUST_04489,1233,1,0,3020.79,284928.92,0.35
CUST_04490,128,16,1,7329.14,210557.76,0.45
CUST_04491,33,35,6,17627.14,46096.4,0.17
CUST_04492,1257,9,7,3980.36,139531.02,0.68
CUST_04493,1221,38,4,23269.29,332125.23,0.37
CUST_04494,924,26,6,14186.91,380992.15,0.88
CUST_04495,80,23,0,8013.45,115064.94,0.49
CUST_04496,678,19,6,1818.74,235752.71,0.22
CUST_04497,613,24,6,16799.17,325261.35,0.95
CUST_04498,275,28,5,8698.6,458595.1,0.78
CUST_04499,380,18,3,22203.06,116168.03,0.74
CUST_04500,201,36,5,10715.83,55658.77,0.32
CUST_04501,1090,16,7,15627.65,333316.84,0.8
CUST_04502,1016,12,1,9994.94,66044.25,0.39
CUST_04503,317,17,2,12148.26,439755.04,0.41
CUST_04504,249,24,2,19376.35,228770.25,0.2
CUST_04505,304,23,0,5489.6,78075.72,0.27
CUST_04506,411,33,4,19088.54,89906.14,0.63
CUST_04507,951,30,2,24785.21,266390.7,0.62
CUST_04508,864,4,0,22930.98,6436.84,0.88
CUST_04509,371,7,6,21352.99,412132.15,0.9
CUST_04510,1436,29,3,10850.19,61078.19,0.99
CUST_04511,963,8,0,20256.65,480477.19,0.89
CUST_04512,1307,5,4,11083.31,228857.87,0.84
CUST_04513,1227,38,3,593.36,59136.88,0.93
CUST_04514,1137,21,3,15539.36,145533.36,0.81
CUST_04515,281,11,7,13694.57,331545.46,0.35
CUST_04516,1388,3,1,12000.54,259324.14,0.63
CUST_04517,1353,34,3,19488.79,282054.3,0.7
CUST_04518,360,35,5,6009.8,489670.7,0.55
CUST_04519,1359,15,5,4786.53,215947.67,0.78
CUST_04520,1269,1,1,20518.19,363184.44,0.65
CUST_04521,1214,26,4,7166.54,390062.5,0.62
CUST_04522,238,36,4,12488.44,9186.81,0.17
CUST_04523,1193,25,1,17864.45,387405.83,0.1
CUST_04524,1376,1,3,21806.15,230426.5,0.37
CUST_04525,176,28,3,10142.22,15043.5,0.18
CUST_04526,1244,32,5,12763.99,321214.03,0.39
CUST_04527,168,25,0,4677.71,325599.49,0.55
CUST_04528,40,20,7,10162.1,373236.46,0.22
CUST_04529,794,13,1,6125.81,346579.03,0.36
CUST_04530,436,37,0,18068.09,10982.58,0.98
CUST_04531,839,31,4,24576.13,470064.65,0.96
CUST_04532,1253,27,5,8944.41,116296.26,0.99
CUST_04533,1298,31,7,5216.4,112503.45,0.32
CUST_04534,192,3,3,17168.56,425105.81,0.29
CUST_04535,1027,18,1,4536.29,174054.31,0.97
CUST_04536,1299,3,0,1435.77,290373.06,0.79
CUST_04537,939,5,4,16966.65,389492.37,0.89
CUST_04538,148,35,4,18919.81,173379.12,0.49
CUST_04539,343,13,5,24930.97,393916.91,0.89
CUST_04540,1069,16,4,19934.91,23286.85,0.47
CUST_04541,445,30,7,16918.17,181477.26,0.62
CUST_04542,589,15,2,14064.04,183908.92,0.28
CUST_04543,744,16,6,22682.17,456450.59,0.15
CUST_04544,743,15,0,6599.97,48349.7,0.45
CUST_04545,51,23,4,24504.52,73999.96,0.37
CUST_04546,559,32,5,8852.97,43682.14,0.37
CUST_04547,608,32,5,13376.28,362765.14,0.81
CUST_04548,154,4,4,980.94,277818.41,0.25
CUST_04549,149,10,4,2743.89,332372.11,0.65
CUST_04550,1372,38,4,22210.62,123328.86,0.46
CUST_04551,852,29,6,22936.69,425041.07,0.82
CUST_04552,220,32,6,16198.49,231770.97,0.96
CUST_04553,284,9,7,18552.6,458995.7,0.9
CUST_04554,221,9,1,470.93,6516.14,0.59
CUST_04555,977,21,3,20898.55,55275.35,0.12
CUST_04556,1491,6,1,8053.39,350917.9,0.94
CUST_04557,39,9,4,11964.92,204511.81,0.42
CUST_04558,557,26,7,8308.33,372075.2,0.28
CUST_04559,713,17,0,8322.42,423292.41,0.91
CUST_04560,349,21,7,19875.52,143249.35,0.11
CUST_04561,857,16,0,17224.71,457430.22,0.59
CUST_04562,1005,3,7,19974.59,225065.59,0.25
CUST_04563,789,39,2,15383.86,446186.91,0.5
CUST_04564,186,29,5,12842.73,453487.91,0.24
CUST_04565,341,5,4,7596.95,226791.05,0.58
CUST_04566,1364,33,0,6391.19,369967.03,0.8
CUST_04567,429,15,7,16547.57,47610.43,0.76
CUST_04568,896,4,1,2728.59,485949.2,0.88
CUST_04569,912,18,1,22223.23,130478.35,0.86
CUST_04570,179,37,3,7475.58,304651.03,0.42
CUST_04571,1330,19,1,13043.69,279789.79,0.18
CUST_04572,287,11,6,4473.24,163860.73,0.37
CUST_04573,564,36,3,15960.96,181177.15,0.7
CUST_04574,219,21,0,15352.55,338324.78,0.73
CUST_04575,1332,34,4,582.2,157327.08,0.54
CUST_04576,303,16,0,17264.71,257891.83,0.88
CUST_04577,1083,17,5,12352.47,58493.06,0.54
CUST_04578,850,2,6,19456.53,63153.14,0.69
CUST_04579,759,7,4,23845.6,490259.44,0.1
CUST_04580,543,15,5,15943.94,57521.27,0.69
CUST_04581,157,33,0,4327.34,382165.02,0.63
CUST_04582,682,20,6,18210.83,429169.04,0.37
CUST_04583,1095,28,3,10434.06,342609.61,0.64
CUST_04584,1275,20,4,6585.93,68331.74,0.64
CUST_04585,967,13,6,7761.35,160794.79,0.49
CUST_04586,338,15,4,20730.13,94336.54,0.42
CUST_04587,1234,22,7,10638.21,199901.88,0.62
CUST_04588,223,35,6,19996.99,60454.95,0.47
CUST_04589,1177,24,7,10114.69,123781.37,0.3
CUST_04590,1042,26,0,8662.51,99299.53,0.97
CUST_04591,1438,9,0,23614.28,450548.53,0.32
CUST_04592,424,16,5,7808.07,161031.34,0.97
CUST_04593,1317,29,7,24129.27,130242.03,0.84
CUST_04594,273,34,4,2365.25,293062.52,0.34
CUST_04595,1441,6,4,20236.85,138837.43,0.74
CUST_04596,471,23,3,20557.56,451961.26,0.19
CUST_04597,637,15,2,6533.6,30212.17,0.46
CUST_04598,191,13,0,23532.29,16287.21,0.78
CUST_04599,977,32,3,2364.98,423104.93,0.88
CUST_04600,1350,33,5,5541.27,311056.22,0.48
CUST_04601,256,12,5,18454.84,48232.54,0.37
CUST_04602,890,22,3,23490.08,495708.87,0.57
CUST_04603,380,9,3,15162.05,484120.03,0.87
CUST_04604,1453,31,0,504.81,65774.42,0.28
CUST_04605,156,19,4,5765.54,190547.46,0.79
CUST_04606,1026,15,0,3810.94,112425.48,0.34
CUST_04607,198,35,5,2156.96,375261.07,0.81
CUST_04608,410,21,6,22285.05,482852.28,0.28
CUST_04609,1353,25,6,8286.08,239800.8,0.56
CUST_04610,251,1,5,6260.15,293193.04,0.72
CUST_04611,551,15,2,20034.73,475639.72,0.9
CUST_04612,1243,16,3,13100.2,274295.18,0.4
CUST_04613,1452,18,4,13792.96,31846.03,0.89
CUST_04614,871,27,2,9035.71,67212.6,0.24
CUST_04615,1059,27,6,18223.69,253090.42,0.63
CUST_04616,962,17,6,7824.48,227795.51,0.18
CUST_04617,1372,3,7,2430.95,180043.14,0.47
CUST_04618,1311,12,7,18357.34,10484.69,0.52
CUST_04619,1256,36,3,11005.2,352511.48,0.51
CUST_04620,397,2,6,13652.32,122868.44,0.19
CUST_04621,345,24,2,19850.82,361121.11,0.42
CUST_04622,436,29,5,16165.62,341083.34,0.29
CUST_04623,1185,9,5,17853.24,322287.75,0.79
CUST_04624,651,26,1,5353.21,6977.37,0.42
CUST_04625,1361,24,3,23122.54,132715.28,0.43
CUST_04626,726,19,6,3611.85,97343.06,0.97
CUST_04627,1018,7,3,17757.98,468624.9,0.28
CUST_04628,1204,39,1,12772.21,446415.05,0.88
CUST_04629,206,13,4,10262.92,487840.9,0.65
CUST_04630,1362,23,3,8174.9,396519.83,0.42
CUST_04631,1017,29,3,1328.28,383876.81,0.53
CUST_04632,465,38,4,17788.65,35897.75,0.94
CUST_04633,524,20,2,3720.5,472833.38,0.71
CUST_04634,1381,15,6,18596.62,389459.94,0.85
CUST_04635,93,7,4,17843.97,230385.46,0.4
CUST_04636,466,29,2,4697.33,39706.88,0.66
CUST_04637,480,33,0,1936.12,229276.03,0.76
CUST_04638,229,39,2,22976.94,109759.47,0.93
CUST_04639,943,10,7,18295.0,305893.61,0.17
CUST_04640,736,10,0,1469.39,52999.01,0.23
CUST_04641,302,25,1,22609.62,246100.42,0.71
CUST_04642,937,11,2,14776.85,160194.61,0.55
CUST_04643,1423,14,6,6409.25,399289.79,0.22
CUST_04644,753,5,2,23072.61,95826.51,0.27
CUST_04645,162,16,0,10983.07,21990.86,0.22
CUST_04646,1291,28,0,16166.23,297441.26,0.78
CUST_04647,1002,15,3,24044.14,434193.68,0.61
CUST_04648,1385,25,7,23696.53,475938.89,0.12
CUST_04649,1184,9,5,12235.93,454422.17,0.39
CUST_04650,562,18,5,5519.5,303102.88,0.55
CUST_04651,98,10,1,6522.92,12102.81,0.22
CUST_04652,582,34,5,3053.11,231512.08,0.26
CUST_04653,960,11,2,7616.4,280765.58,0.77
CUST_04654,906,14,2,1738.61,282131.08,0.82
CUST_04655,965,17,0,24739.47,103048.65,0.23
CUST_04656,894,10,6,6462.15,166786.06,0.97
CUST_04657,1296,14,2,14639.13,62524.94,0.52
CUST_04658,105,35,1,6633.79,285890.15,0.86
CUST_04659,940,26,3,13844.43,349597.12,0.44
CUST_04660,81,24,5,7208.47,161239.89,0.97
CUST_04661,847,11,4,21930.32,427553.47,0.89
CUST_04662,94,3,0,12186.91,355544.81,0.29
CUST_04663,355,13,3,17175.92,328058.32,0.6
CUST_04664,1166,9,3,10430.7,73562.66,0.72
CUST_04665,1182,21,3,20497.17,330398.43,0.67
CUST_04666,1473,9,0,17349.49,370262.76,0.56
CUST_04667,520,36,0,11382.72,55745.87,0.56
CUST_04668,250,26,4,14477.18,450388.39,0.8
CUST_04669,1076,11,2,5213.83,199164.39,0.16
CUST_04670,537,38,6,9310.16,280788.21,0.49
CUST_04671,1357,3,5,22328.41,6675.31,0.1
CUST_04672,134,6,0,16504.96,279493.09,0.86
CUST_04673,65,28,4,14574.41,133845.37,0.35
CUST_04674,1471,35,2,15415.93,11894.11,0.99
CUST_04675,797,34,7,9759.32,256631.26,0.9
CUST_04676,951,27,5,10013.01,408987.65,0.39
CUST_04677,787,21,3,22940.6,460333.39,0.17
CUST_04678,475,33,5,17898.96,210114.98,0.95
CUST_04679,103,23,7,20980.96,392347.43,0.35
CUST_04680,368,1,2,18767.97,448060.23,0.88
CUST_04681,1223,24,5,12113.24,449469.79,0.1
CUST_04682,624,4,3,19993.66,160366.46,0.68
CUST_04683,555,5,0,22757.83,455742.77,0.62
CUST_04684,289,35,2,17736.18,350212.04,0.99
CUST_04685,158,10,6,1504.2,231832.92,0.27
CUST_04686,932,39,2,1571.23,264050.14,0.2
CUST_04687,911,30,7,12570.74,379513.92,0.16
CUST_04688,745,23,2,15042.19,409000.53,0.53
CUST_04689,913,16,0,20728.02,487336.94,0.86
CUST_04690,655,11,6,20459.0,384546.13,0.67
CUST_04691,838,21,1,23712.98,2885.31,0.98
CUST_04692,603,2,2,22341.32,193130.31,0.72
CUST_04693,1333,15,3,5341.82,101122.56,0.16
CUST_04694,293,12,6,21779.84,228660.34,0.52
CUST_04695,482,20,6,9526.06,433640.52,0.38
CUST_04696,176,22,0,19691.8,16359.64,0.63
CUST_04697,772,17,4,7187.26,220801.34,0.42
CUST_04698,1353,15,0,18377.37,220151.29,0.17
CUST_04699,362,38,3,5626.82,357468.22,0.58
CUST_04700,246,37,3,19663.28,465154.19,0.76
CUST_04701,334,22,3,5362.45,487177.57,0.72
CUST_04702,538,34,0,1953.69,445200.71,0.9
CUST_04703,1477,31,4,4576.48,254699.86,0.63
CUST_04704,154,18,2,11987.38,428837.69,0.93
CUST_04705,930,9,6,13579.37,327740.39,0.92
CUST_04706,206,30,1,23217.17,429346.72,0.37
CUST_04707,520,38,5,2992.66,119805.5,0.31
CUST_04708,1372,39,0,16099.06,434973.6,0.71
CUST_04709,845,9,6,9762.96,301291.55,0.51
CUST_04710,897,34,1,10195.52,35122.18,0.64
CUST_04711,1141,26,7,16592.86,387773.88,0.29
CUST_04712,1494,33,1,7646.09,55931.2,0.43
CUST_04713,1177,31,2,22873.74,171975.06,0.7
CUST_04714,244,2,4,10450.82,159554.01,0.62
CUST_04715,1490,32,7,11633.64,327903.35,0.86
CUST_04716,1333,34,5,10224.94,322007.94,0.57
CUST_04717,1354,15,1,18890.55,219409.33,0.66
CUST_04718,803,13,5,23291.56,448403.88,0.4
CUST_04719,573,37,3,3947.63,152359.0,0.32
CUST_04720,33,28,5,444.29,48692.11,0.29
CUST_04721,1222,36,1,7557.92,138815.72,0.88
CUST_04722,1368,25,3,23834.77,312881.61,0.75
CUST_04723,1264,32,6,1141.02,161336.39,0.53
CUST_04724,1072,37,0,11689.14,231090.49,0.83
CUST_04725,1171,26,4,9326.72,36946.43,0.41
CUST_04726,809,27,2,14816.35,318109.16,0.47
CUST_04727,157,21,6,11691.7,272872.74,0.96
CUST_04728,1427,19,3,20794.69,473061.79,0.61
CUST_04729,594,15,4,841.58,223077.6,0.99
CUST_04730,859,4,0,4300.35,372277.3,0.39
CUST_04731,664,16,5,11630.71,294435.81,0.56
CUST_04732,1010,32,0,19885.05,204824.02,0.7
CUST_04733,1396,31,3,1027.23,376939.33,0.97
CUST_04734,712,30,4,13066.83,116608.8,0.11
CUST_04735,450,11,6,6933.83,188178.74,0.77
CUST_04736,1265,28,4,10851.22,144083.11,0.53
CUST_04737,1172,8,3,14445.95,279364.57,0.84
CUST_04738,263,5,3,5809.31,138968.71,0.15
CUST_04739,1327,32,4,18425.08,249450.45,0.4
CUST_04740,1007,37,0,1819.27,486096.34,0.19
CUST_04741,599,1,5,7735.34,470558.46,0.35
CUST_04742,986,37,0,3893.64,487275.44,0.18
CUST_04743,1452,15,0,24323.49,356370.32,0.94
CUST_04744,480,14,6,19648.78,112852.85,0.37
CUST_04745,1203,5,3,3323.77,151557.22,0.38
CUST_04746,1436,37,0,14296.17,199385.44,0.17
CUST_04747,156,29,6,2288.98,432964.56,0.62
CUST_04748,52,9,1,20017.65,476931.6,0.82
CUST_04749,502,4,0,16866.57,205763.37,0.53
CUST_04750,387,35,6,3881.33,93060.72,0.16
CUST_04751,1447,5,5,23473.51,348176.8,0.39
CUST_04752,421,23,2,17803.76,252221.9,0.62
CUST_04753,208,2,7,1780.28,118777.77,0.34
CUST_04754,405,26,5,9945.75,372717.21,0.95
CUST_04755,1411,14,1,21927.77,170730.87,0.28
CUST_04756,965,14,5,9368.44,336774.01,0.31
CUST_04757,1304,28,1,11559.95,279314.83,0.72
CUST_04758,48,2,1,6082.22,487512.31,0.7
CUST_04759,1043,13,6,11456.5,80401.35,0.38
CUST_04760,730,9,7,5051.86,411113.81,0.39
CUST_04761,871,5,2,24509.47,499009.89,0.9
CUST_04762,537,8,3,14990.82,166979.64,0.75
CUST_04763,1495,21,4,7963.63,111502.27,0.45
CUST_04764,715,31,1,18936.73,95396.76,0.95
CUST_04765,1311,13,0,1229.2,384262.08,0.45
CUST_04766,58,8,6,1144.65,413857.09,0.8
CUST_04767,1121,36,2,8180.34,187657.7,0.38
CUST_04768,904,26,2,18314.24,119116.34,0.34
CUST_04769,576,19,2,8921.31,203136.98,0.74
CUST_04770,1397,31,2,8253.25,150058.88,0.37
CUST_04771,1059,1,3,8444.14,296702.58,0.23
CUST_04772,782,32,1,4223.33,473833.76,0.84
CUST_04773,582,23,5,5573.91,9416.72,0.75
CUST_04774,616,24,0,14311.56,397053.9,0.15
CUST_04775,1253,12,3,9497.22,228248.65,0.73
CUST_04776,124,35,4,7604.06,9480.13,0.28
CUST_04777,52,23,5,17182.43,309928.13,0.66
CUST_04778,857,39,3,781.08,179709.45,0.33
CUST_04779,133,5,1,3388.28,300413.67,0.44
CUST_04780,1262,10,6,21081.26,104237.26,0.99
CUST_04781,545,9,2,22355.58,377224.12,0.94
CUST_04782,1244,13,6,23308.53,59848.66,0.16
CUST_04783,363,31,3,13288.95,259971.65,0.62
CUST_04784,524,14,4,21992.99,60065.25,0.4
CUST_04785,1161,21,0,895.56,249944.43,0.56
CUST_04786,202,38,0,10075.22,445180.18,0.57
CUST_04787,223,31,1,6310.86,50784.25,0.84
CUST_04788,1156,26,5,9692.54,427693.86,0.17
CUST_04789,1067,2,4,14460.45,205371.12,0.35
CUST_04790,1134,22,3,7526.81,23144.63,0.75
CUST_04791,672,32,4,19052.57,276632.54,0.81
CUST_04792,398,9,4,18861.77,480255.36,0.49
CUST_04793,993,38,0,10866.04,313314.04,0.76
CUST_04794,83,1,0,15619.06,120562.81,0.49
CUST_04795,1014,22,5,20504.13,220829.9,0.56
CUST_04796,591,28,7,13200.45,276715.43,0.89
CUST_04797,1382,13,6,20560.78,154809.79,0.99
CUST_04798,1089,3,1,22751.16,445144.41,0.52
CUST_04799,1439,14,0,1286.89,305168.42,0.65
CUST_04800,349,32,6,9473.44,429913.15,0.53
CUST_04801,1442,14,2,22858.63,214808.08,0.44
CUST_04802,1391,7,4,19082.29,327897.08,0.31
CUST_04803,1172,8,1,21519.6,167229.6,0.58
CUST_04804,744,1,3,14824.64,392641.91,0.11
CUST_04805,288,32,4,5673.47,92444.68,0.8
CUST_04806,417,33,2,5332.24,210492.9,0.39
CUST_04807,253,16,4,23862.94,57494.12,0.29
CUST_04808,208,9,7,4675.99,73409.3,0.48
CUST_04809,544,26,7,4313.41,478282.43,0.73
CUST_04810,823,6,0,10841.86,178884.1,1.0
CUST_04811,600,35,1,2383.02,345780.01,0.65
CUST_04812,845,36,5,4265.34,156308.2,0.56
CUST_04813,959,20,4,23707.13,271884.82,0.16
CUST_04814,40,8,6,20205.41,16928.25,0.63
CUST_04815,1288,13,6,6952.16,246362.83,0.75
CUST_04816,296,20,0,12721.02,483745.79,0.18
CUST_04817,166,37,3,15866.19,40274.79,0.26
CUST_04818,1385,25,7,15722.09,33848.2,0.68
CUST_04819,1258,23,0,24492.21,56060.77,0.19
CUST_04820,1095,3,7,8610.26,1100.5,0.9
CUST_04821,956,16,3,11452.75,384779.45,0.79
CUST_04822,1289,25,4,6815.47,120915.36,0.65
CUST_04823,1120,24,4,9474.59,343117.82,0.39
CUST_04824,1031,26,5,4403.29,227746.83,0.3
CUST_04825,1140,10,0,11776.76,482897.59,0.37
CUST_04826,1125,9,2,22922.1,196357.37,0.84
CUST_04827,866,29,2,15733.6,298865.64,0.24
CUST_04828,520,27,4,12226.64,433745.95,0.21
CUST_04829,1325,26,1,24149.31,49006.67,0.76
CUST_04830,396,12,6,1484.95,483312.29,0.76
CUST_04831,227,29,0,11895.87,426289.75,0.11
CUST_04832,466,11,6,17904.99,22229.2,0.22
CUST_04833,489,8,6,6298.76,83963.45,0.63
CUST_04834,1280,1,0,14581.65,49964.08,0.94
CUST_04835,150,10,6,20178.87,120149.46,0.89
CUST_04836,664,13,4,2444.86,447673.87,0.81
CUST_04837,1102,8,2,18224.69,221196.76,0.85
CUST_04838,555,25,1,15994.69,466540.86,0.64
CUST_04839,1295,4,6,11638.86,482292.4,0.85
CUST_04840,1445,24,0,9631.88,497042.0,0.14
CUST_04841,1185,31,3,20403.94,429747.11,0.21
CUST_04842,940,8,7,20250.94,177633.09,0.24
CUST_04843,472,2,2,23832.84,396476.08,0.23
CUST_04844,609,28,7,20200.74,479370.05,0.96
CUST_04845,57,16,7,21898.64,362803.69,0.32
CUST_04846,60,25,6,1993.55,460095.72,0.51
CUST_04847,418,22,3,5152.34,402415.72,0.38
CUST_04848,632,27,3,14112.31,443763.75,0.47
CUST_04849,1335,4,6,5236.23,200489.0,0.25
CUST_04850,1487,4,7,18424.83,97460.33,0.35
CUST_04851,972,12,6,13822.14,261481.49,0.75
CUST_04852,724,20,7,9849.82,264420.3,0.58
CUST_04853,1349,18,1,5213.53,464098.91,0.26
CUST_04854,269,4,1,22560.05,410500.63,0.67
CUST_04855,64,5,4,23770.55,54361.1,0.61
CUST_04856,988,32,3,15371.52,454516.84,0.51
CUST_04857,52,30,1,13698.91,202034.62,0.87
CUST_04858,721,30,1,12164.44,74961.34,0.49
CUST_04859,936,32,7,20198.13,243763.71,0.85
CUST_04860,1209,25,7,15306.08,32013.81,0.46
CUST_04861,1390,39,1,14076.17,173632.79,0.47
CUST_04862,879,14,6,15592.13,253291.61,0.37
CUST_04863,682,16,4,12090.83,334166.99,0.82
CUST_04864,1091,30,6,21898.67,1544.68,0.58
CUST_04865,1102,27,1,13439.68,373666.43,0.47
CUST_04866,795,27,6,7469.34,191914.16,0.41
CUST_04867,1147,23,1,23405.56,267035.22,0.77
CUST_04868,711,9,2,2807.07,2120.61,0.14
CUST_04869,1396,18,7,16859.12,121251.81,0.38
CUST_04870,1313,5,4,16320.47,306305.69,0.7
CUST_04871,977,21,7,15941.37,318660.42,0.81
CUST_04872,371,21,4,11172.56,335416.17,0.51
CUST_04873,242,38,2,15092.29,189603.4,0.92
CUST_04874,560,4,2,6023.61,137013.26,0.3
CUST_04875,757,5,7,13492.56,422392.16,0.76
CUST_04876,870,27,1,16113.41,21080.19,0.16
CUST_04877,880,38,4,14620.2,420362.14,0.44
CUST_04878,166,17,0,23263.26,358868.52,0.62
CUST_04879,65,13,4,8348.11,53409.0,0.49
CUST_04880,1004,3,6,6771.1,14773.99,0.38
CUST_04881,1020,36,1,24562.77,473495.84,0.84
CUST_04882,784,38,5,440.5,69567.53,0.5
CUST_04883,485,23,2,23484.32,54469.08,0.22
CUST_04884,1189,24,6,20135.24,472779.82,1.0
CUST_04885,236,3,7,6483.11,379446.69,0.37
CUST_04886,483,3,0,19290.89,40553.82,0.69
CUST_04887,1364,3,2,1596.36,161248.32,0.99
CUST_04888,121,2,6,21698.63,362844.56,0.29
CUST_04889,1486,27,3,4218.78,266396.7,0.35
CUST_04890,1096,34,5,22567.32,68548.39,0.85
CUST_04891,229,16,5,3403.86,70378.05,0.26
CUST_04892,515,21,1,19891.43,351875.29,0.12
CUST_04893,1457,35,1,18520.81,206513.05,0.76
CUST_04894,545,33,0,14802.04,200966.36,0.88
CUST_04895,1459,6,4,15832.34,171623.18,0.58
CUST_04896,1077,15,5,14714.43,41817.76,0.68
CUST_04897,999,21,1,21122.45,88408.1,0.91
CUST_04898,99,10,5,728.89,323724.55,0.59
CUST_04899,940,15,1,6647.16,181448.54,0.87
CUST_04900,55,17,7,12701.63,291790.99,0.86
CUST_04901,1269,23,4,4777.9,320237.24,0.17
CUST_04902,608,22,0,9027.29,36521.03,0.72
CUST_04903,424,23,6,23925.08,63694.85,0.19
CUST_04904,925,36,1,15226.09,482949.37,0.98
CUST_04905,197,2,7,12357.19,108860.76,0.54
CUST_04906,1469,34,6,23558.28,403358.16,0.42
CUST_04907,1275,25,4,6108.03,389311.56,0.36
CUST_04908,569,24,5,4863.02,298966.83,0.87
CUST_04909,647,26,5,896.28,125682.61,0.49
CUST_04910,32,15,0,4359.65,237255.72,0.76
CUST_04911,1342,9,3,7545.21,397896.2,0.46
CUST_04912,1195,7,0,809.48,6547.27,0.79
CUST_04913,40,24,6,11073.65,89349.35,0.78
CUST_04914,805,6,4,20900.9,240353.92,0.63
CUST_04915,425,28,6,23649.48,444840.75,0.78
CUST_04916,1154,24,6,24501.31,491626.06,0.3
CUST_04917,1143,37,2,10123.98,221061.79,0.66
CUST_04918,169,32,6,21294.62,47645.98,0.14
CUST_04919,87,27,4,9347.79,235684.1,0.6
CUST_04920,1116,26,4,14050.26,417591.89,0.47
CUST_04921,613,28,6,10772.95,157499.16,0.86
CUST_04922,589,31,0,16398.51,33768.12,0.19
CUST_04923,901,29,2,22008.89,447523.69,0.51
CUST_04924,1468,34,5,10950.23,106852.33,0.36
CUST_04925,1143,9,2,20878.66,274495.35,0.87
CUST_04926,813,31,1,12729.82,459426.77,0.48
CUST_04927,1056,32,2,12213.21,95375.54,0.94
CUST_04928,386,6,2,8068.69,150206.98,0.38
CUST_04929,64,17,5,12600.86,93390.69,0.52
CUST_04930,1042,17,4,7099.67,297838.06,0.42
CUST_04931,476,33,5,2781.26,312654.19,0.2
CUST_04932,1006,26,2,4574.63,308581.37,0.61
CUST_04933,69,26,0,10719.37,49437.59,0.21
CUST_04934,852,30,3,9844.72,384855.84,0.24
CUST_04935,1225,37,3,17526.41,184440.37,0.88
CUST_04936,773,24,5,3077.92,66279.89,0.86
CUST_04937,658,10,4,24109.87,340015.27,0.98
CUST_04938,1381,31,1,11276.51,490262.93,0.43
CUST_04939,375,15,0,21314.74,389402.77,0.87
CUST_04940,810,3,0,23359.62,298902.86,0.94
CUST_04941,1445,2,0,14303.12,414922.13,0.39
CUST_04942,715,38,6,21320.75,376154.23,0.7
CUST_04943,149,32,6,18187.2,316117.64,0.82
CUST_04944,1171,13,6,14108.97,133256.72,0.45
CUST_04945,131,1,7,550.03,434824.41,0.12
CUST_04946,1420,27,3,7498.86,239297.78,0.46
CUST_04947,1291,15,1,17184.62,425662.27,0.96
CUST_04948,300,15,6,1376.66,250092.58,0.21
CUST_04949,1209,24,5,13171.07,485853.6,0.69
CUST_04950,1193,17,4,3467.73,378500.85,0.72
CUST_04951,1294,30,3,11742.55,150828.62,0.31
CUST_04952,762,39,5,8535.04,350377.84,0.97
CUST_04953,1480,5,0,4214.69,39425.46,0.92
CUST_04954,505,36,0,15641.03,404283.7,0.47
CUST_04955,733,22,0,7644.83,124799.01,0.74
CUST_04956,891,5,7,477.67,258304.35,0.24
CUST_04957,1493,23,2,21154.86,103392.4,0.85
CUST_04958,636,37,5,16745.82,100615.69,0.34
CUST_04959,513,31,5,20588.72,233427.0,0.3
CUST_04960,583,21,5,11488.59,232283.95,0.35
CUST_04961,1178,39,5,16006.35,425207.52,0.19
CUST_04962,875,10,0,14663.61,243877.3,0.39
CUST_04963,774,16,0,22381.93,28918.03,0.63
CUST_04964,72,15,7,22175.79,289958.37,0.3
CUST_04965,716,32,5,10384.85,177455.4,0.19
CUST_04966,763,17,7,16621.96,160282.76,0.49
CUST_04967,418,8,4,17496.59,176849.25,0.84
CUST_04968,165,30,0,19382.04,350752.44,0.23
CUST_04969,398,8,5,6892.2,115438.48,0.15
CUST_04970,742,33,6,21778.37,313073.72,0.1
CUST_04971,739,32,4,974.79,2620.72,0.35
CUST_04972,1067,31,6,20747.66,369430.43,0.9
CUST_04973,320,24,7,2480.95,337495.07,0.45
CUST_04974,1089,2,0,13134.3,289183.12,0.77
CUST_04975,779,23,7,1574.47,175171.27,0.18
CUST_04976,325,24,5,20704.23,45730.99,0.37
CUST_04977,1091,12,1,13009.47,332516.66,0.31
CUST_04978,53,5,5,17903.27,99399.15,0.22
CUST_04979,662,28,6,20600.99,219716.38,0.67
CUST_04980,32,12,7,16389.16,73037.91,0.64
CUST_04981,1336,13,7,14353.39,279881.68,0.21
CUST_04982,1455,38,7,788.62,99715.67,0.53
CUST_04983,461,20,1,17955.83,341322.49,0.44
CUST_04984,359,30,2,15683.16,58591.71,0.21
CUST_04985,610,19,6,20311.67,187523.65,0.73
CUST_04986,289,39,6,7845.05,141425.52,0.89
CUST_04987,709,15,4,13882.12,155238.65,0.55
CUST_04988,1229,36,6,17605.37,6969.17,0.71
CUST_04989,1462,25,5,20778.3,390982.34,0.7
CUST_04990,260,38,5,2117.42,60572.37,0.24
CUST_04991,124,9,6,9123.71,479295.63,0.13
CUST_04992,1177,37,6,9531.61,220601.64,0.93
CUST_04993,1101,28,3,7777.04,245980.23,0.44
CUST_04994,1179,26,4,18120.69,44914.62,0.67
CUST_04995,790,31,2,9888.81,340047.62,0.31
CUST_04996,633,23,2,7810.37,127685.54,0.14
CUST_04997,1227,26,6,3399.0,33565.61,0.61
CUST_04998,146,28,4,7390.3,331811.69,0.55
CUST_04999,226,17,5,18274.71,197411.56,0.86
CUST_05000,749,26,4,14427.34,56650.21,0.49
